﻿<?xml version="1.0" encoding="utf-8"?>
<Application>
  <NavigationItems Id="NavigationItems">
    <Items Id="Items">
      <Item Id="Default">
        <Items Id="Items">
          <Item Id="Employee_ListView" Removed="True" />
          <Item Id="Physician_ListView" Removed="True" />
          <Item Id="PurchasingOrder_ListView" Removed="True" />
          <Item Id="Supplier_ListView" Removed="True" />
        </Items>
      </Item>
    </Items>
  </NavigationItems>
</Application>