﻿<?xml version="1.0" encoding="utf-8"?>
<Application>
  <BOModel Id="BOModel">
    <Class Name="XafDataModel.Module.BusinessObjects.test2.Bond">
      <AppearanceRules Id="AppearanceRules">
        <AppearanceRule Id="@7597193c-c012-4c31-9113-e3923c583eb7" Criteria="[post] = True" Enabled="False" TargetItems="*" />
      </AppearanceRules>
      <OwnMembers Id="OwnMembers">
        <Member Name="amount" Caption="الكمية" />
        <Member Name="date" Caption="تاريخ" />
        <Member Name="id" Caption="كود" />
        <Member Name="statement" Caption="بيان" />
      </OwnMembers>
    </Class>
  </BOModel>
  <Views Id="Views">
    <DetailView Id="Bond_DetailView" AllowEdit="True" AllowDelete="True" AllowNew="True">
      <Items Id="Items">
        <PropertyEditor Id="amount" Caption="الكمية" />
        <PropertyEditor Id="date" Caption="تاريخ" />
        <PropertyEditor Id="id" Caption="كود" />
        <PropertyEditor Id="statement" Caption="بيان" />
      </Items>
      <Layout Id="Layout">
        <LayoutGroup Id="Main" Caption="رئيسى" RelativeSize="100">
          <LayoutGroup Id="SimpleEditors" RelativeSize="100">
            <LayoutGroup Id="Bond" RelativeSize="100">
              <LayoutGroup Id="Bond_col1" Index="0" RelativeSize="50">
                <LayoutItem Id="BondType" RelativeSize="3.8647342995169081" />
                <LayoutItem Id="id" RelativeSize="2.8985507246376812" />
                <LayoutItem Id="fromAccount" RelativeSize="2.8985507246376812" />
                <LayoutItem Id="intoAccount" RelativeSize="2.8985507246376812" />
                <LayoutItem Id="fromAccountBalance" RelativeSize="2.8985507246376812" />
                <LayoutItem Id="intoAccountBalance" RelativeSize="2.8985507246376812" />
                <LayoutItem Id="amount" RelativeSize="81.642512077294683" />
              </LayoutGroup>
              <LayoutGroup Id="Bond_col2" Index="1" RelativeSize="50">
                <LayoutItem Id="statement" ShowCaption="True" RelativeSize="3.8647342995169081" />
                <LayoutItem Id="date" RelativeSize="2.8985507246376812" />
                <LayoutItem Id="chequeNumber" RelativeSize="2.8985507246376812" />
                <LayoutItem Id="chequeDate" RelativeSize="2.8985507246376812" />
                <LayoutItem Id="chequeBank" RelativeSize="2.8985507246376812" />
                <LayoutItem Id="journal" Index="5" RelativeSize="84.54106280193237" />
                <LayoutItem Id="post" Removed="True" />
              </LayoutGroup>
            </LayoutGroup>
          </LayoutGroup>
        </LayoutGroup>
      </Layout>
    </DetailView>
    <ListView Id="Bond_ListView" IsFooterVisible="True" AllowNew="True" AllowDelete="True">
      <Columns Id="Columns">
        <ColumnInfo Id="id" Caption="كود" />
        <ColumnInfo Id="BondType" Width="228" />
        <ColumnInfo Id="fromAccount" Width="228" />
        <ColumnInfo Id="intoAccount" Width="228" />
        <ColumnInfo Id="fromAccountBalance" Width="248" />
        <ColumnInfo Id="intoAccountBalance" Width="153" />
        <ColumnInfo Id="amount" Width="153" Caption="الكمية" />
        <ColumnInfo Id="statement" Width="217" Caption="بيان" />
        <ColumnInfo Id="date" Width="217" Caption="تاريخ" />
        <ColumnInfo Id="chequeNumber" Width="153" />
        <ColumnInfo Id="chequeDate" Width="217" />
        <ColumnInfo Id="chequeBank" Width="217" />
        <ColumnInfo Id="post" Width="153" />
        <ColumnInfo Id="journal" Width="228" />
      </Columns>
    </ListView>
    <ListView Id="Bond_LookupListView" AllowUnlink="False" AllowNew="False" AllowDelete="False">
      <Columns Id="Columns">
        <ColumnInfo Id="id" Caption="كود" />
        <ColumnInfo Id="amount" Caption="الكمية" />
        <ColumnInfo Id="statement" Caption="بيان" />
        <ColumnInfo Id="date" Caption="تاريخ" />
      </Columns>
    </ListView>
    <DetailView Id="Appointment_DetailView">
      <Layout Id="Layout">
        <LayoutGroup Id="Main">
          <LayoutGroup Id="Autobb5a234c-15c8-422d-881d-f37eb5750578">
            <LayoutGroup Id="Event_col2">
              <LayoutItem Id="Physician" ViewItem="Physician" />
              <LayoutItem Id="date" ViewItem="date" />
            </LayoutGroup>
          </LayoutGroup>
        </LayoutGroup>
      </Layout>
    </DetailView>
  </Views>
  <NavigationItems Id="NavigationItems">
    <Items Id="Items">
      <Item Id="سندات">
        <Items Id="Items">
          <Item Id="Bond_ListView" ViewId="Bond_ListView" />
        </Items>
      </Item>
      <Item Id="In-Patient">
        <Items Id="Items">
          <Item Id="Patient_ListView">
            <Items Id="Items">
              <Item Id="Physician_ListView" ViewId="Physician_ListView" />
            </Items>
          </Item>
        </Items>
      </Item>
    </Items>
  </NavigationItems>
</Application>