﻿<?xml version="1.0" encoding="utf-8"?>
<Application>
  <NavigationItems Id="NavigationItems">
    <Items Id="Items">
      <Item Id="سندات">
        <Items Id="Items">
          <Item Id="Bond_ListView" ViewId="Bond_ListView" />
        </Items>
      </Item>
      <Item Id="In-Patient">
        <Items Id="Items">
          <Item Id="Patient_ListView">
            <Items Id="Items">
              <Item Id="Physician_ListView" ViewId="Physician_ListView" />
            </Items>
          </Item>
        </Items>
      </Item>
    </Items>
  </NavigationItems>
  <ActionDesign Id="ActionDesign">
    <Actions Id="Actions">
      <Action Id="PaymentReceipt" ImageName="Shopping_CashVoucher" />
    </Actions>
  </ActionDesign>
  <Views Id="Views">
    <DetailView Id="Appointment_DetailView">
      <Layout Id="Layout">
        <LayoutGroup Id="Main">
          <TabbedGroup Id="Tabs">
            <LayoutGroup Id="ServiceDetailsCollection" TextAlignMode="AlignWithChildren" RelativeSize="100">
              <LayoutItem Id="ServiceDetailsCollection" TextAlignMode="AutoSize" RelativeSize="100" />
            </LayoutGroup>
          </TabbedGroup>
        </LayoutGroup>
      </Layout>
    </DetailView>
  </Views>
</Application>