﻿<?xml version="1.0" encoding="utf-8"?>
<Application>
  <Views Id="Views">
    <ListView Id="Xrays_XraysDetailsCollection_ListView" IsGroupPanelVisible="True" ShowFindPanel="False" />
    <DetailView Id="Appointment_DetailView">
      <Layout Id="Layout">
        <LayoutGroup Id="Main">
          <LayoutGroup Id="Autobb5a234c-15c8-422d-881d-f37eb5750578">
            <LayoutGroup Id="Event_col2">
              <LayoutItem Id="date" ViewItem="date" />
            </LayoutGroup>
          </LayoutGroup>
        </LayoutGroup>
      </Layout>
    </DetailView>
  </Views>
</Application>