﻿<?xml version="1.0" encoding="utf-8"?>
<Application>
  <Views Id="Views">
    <ListView Id="Physician_Appointments_ListView">
      <Columns Id="Columns">
        <ColumnInfo Id="Description" Caption="الوصف" />
        <ColumnInfo Id="IsPostponed" Caption="مؤجل" />
        <ColumnInfo Id="Status" Caption="الحالة" />
        <ColumnInfo Id="Transaction" Caption="التحويل" />
        <ColumnInfo Id="id" Caption="كود" />
        <ColumnInfo Id="clinc" Caption="العيادة" />
        <ColumnInfo Id="amount" Caption="الكمية" />
      </Columns>
    </ListView>
    <DetailView Id="Physician_DetailView">
      <Items Id="Items">
        <PropertyEditor Id="Address1" Caption="العنوان 1" />
        <PropertyEditor Id="Address2" Caption="العنوان 2" />
        <PropertyEditor Id="Birthday" Caption="تاريخ الميلاد" />
        <PropertyEditor Id="DisplayName" Caption="الإسم المعروض" />
        <PropertyEditor Id="FirstName" Caption="الإسم الأول" />
        <PropertyEditor Id="FullName" Caption="الإسم بالكامل" />
        <PropertyEditor Id="LastName" Caption="الإسم الأخير" />
        <PropertyEditor Id="MiddleName" Caption="الإسم الأوسط" />
        <PropertyEditor Id="PhoneNumbers" Caption="أرقام الهاتف" />
        <PropertyEditor Id="Photo" Caption="صورة" />
      </Items>
      <Layout Id="Layout">
        <LayoutGroup Id="Main">
          <TabbedGroup Id="Tabs">
            <LayoutGroup Id="PhoneNumbers" Caption="أرقام الهاتف" />
          </TabbedGroup>
        </LayoutGroup>
      </Layout>
    </DetailView>
    <ListView Id="Physician_ListView">
      <Columns Id="Columns">
        <ColumnInfo Id="Address1" Caption="العنوان 1" />
        <ColumnInfo Id="Address2" Caption="العنوان 2" />
        <ColumnInfo Id="Birthday" Caption="تاريخ الميلاد" />
        <ColumnInfo Id="DisplayName" Caption="الإسم المعروض" />
        <ColumnInfo Id="FirstName" Caption="الإسم الأول" />
        <ColumnInfo Id="LastName" Caption="الإسم الأخير" />
        <ColumnInfo Id="MiddleName" Caption="الإسم الأوسط" />
        <ColumnInfo Id="Photo" Caption="صورة" />
        <ColumnInfo Id="FullName" Caption="الإسم بالكامل" />
      </Columns>
    </ListView>
    <ListView Id="Physician_LookupListView">
      <Columns Id="Columns">
        <ColumnInfo Id="FullName" Caption="الإسم بالكامل" />
      </Columns>
    </ListView>
    <DetailView Id="Admission_DetailView">
      <Items Id="Items">
        <PropertyEditor Id="doctor.FullName" PropertyName="doctor.FullName" Caption="الطبيب المُشرف" />
      </Items>
      <Layout Id="Layout">
        <TabbedGroup Id="Item1">
          <LayoutGroup Id="Item2">
            <LayoutGroup Id="Auto9aba8244-e836-405f-8960-49e671ecf136">
              <LayoutItem Id="doctor.FullName" ViewItem="doctor.FullName" />
            </LayoutGroup>
          </LayoutGroup>
        </TabbedGroup>
      </Layout>
    </DetailView>
    <ListView Id="Admission_ListView">
      <Columns Id="Columns">
        <ColumnInfo Id="DoctorName" PropertyName="doctor.FullName" Caption="Doctor Name" />
      </Columns>
    </ListView>
    <DetailView Id="Appointment_DetailView">
      <Layout Id="Layout">
        <LayoutGroup Id="Main">
          <LayoutGroup Id="Resources_Group" Removed="True" />
          <LayoutGroup Id="Autobb5a234c-15c8-422d-881d-f37eb5750578">
            <LayoutGroup Id="Event_col2">
              <LayoutItem Id="Physician" ViewItem="Physician" />
              <LayoutItem Id="date" ViewItem="date" />
            </LayoutGroup>
          </LayoutGroup>
        </LayoutGroup>
      </Layout>
    </DetailView>
    <DetailView Id="Employee_DetailView">
      <Layout Id="Layout">
        <LayoutGroup Id="Main">
          <LayoutGroup Id="SimpleEditors">
            <LayoutGroup Id="Employee">
              <LayoutItem Id="department" Index="0" RelativeSize="49.981336319522207" />
              <LayoutItem Id="salary" Index="1" RelativeSize="50.018663680477793" />
            </LayoutGroup>
          </LayoutGroup>
        </LayoutGroup>
      </Layout>
    </DetailView>
  </Views>
  <NavigationItems Id="NavigationItems">
    <Items Id="Items">
      <Item Id="In-Patient">
        <Items Id="Items">
          <Item Id="Patient_ListView">
            <Items Id="Items">
              <Item Id="Physician_ListView" ViewId="Physician_ListView" />
            </Items>
          </Item>
        </Items>
      </Item>
    </Items>
  </NavigationItems>
</Application>