﻿<?xml version="1.0" encoding="utf-8"?>
<Application>
  <ActionDesign Id="ActionDesign">
    <Actions Id="Actions">
      <Action Id="OrderReport" ImageName="BO_Report" />
    </Actions>
  </ActionDesign>
  <Views Id="Views">
    <DetailView Id="Appointment_DetailView">
      <Layout Id="Layout">
        <LayoutGroup Id="Main">
          <LayoutGroup Id="Autobb5a234c-15c8-422d-881d-f37eb5750578">
            <LayoutGroup Id="Event_col2">
              <LayoutItem Id="date" ViewItem="date" />
            </LayoutGroup>
          </LayoutGroup>
        </LayoutGroup>
      </Layout>
    </DetailView>
  </Views>
</Application>