﻿<?xml version="1.0" encoding="utf-8"?>
<Application>
  <BOModel Id="BOModel">
    <Class Name="XafDataModel.Module.BusinessObjects.test2.Patient">
      <OwnMembers Id="OwnMembers">
        <Member Name="ID" Caption="الكود" />
      </OwnMembers>
    </Class>
  </BOModel>
  <Views Id="Views">
    <DetailView Id="Patient_DetailView">
      <Items Id="Items">
        <PropertyEditor Id="ID" Caption="الكود" />
      </Items>
    </DetailView>
    <ListView Id="Patient_ListView">
      <Columns Id="Columns">
        <ColumnInfo Id="ID" Caption="الكود" />
      </Columns>
    </ListView>
  </Views>
</Application>