﻿<?xml version="1.0" encoding="utf-8"?>
<Application>
  <Views Id="Views">
    <DetailView Id="ReceptionDesk_DetailView">
      <Layout Id="Layout">
        <LayoutGroup Id="Main">
          <LayoutGroup Id="Admissions_Group" TextAlignMode="AlignWithChildren" Direction="Vertical" RelativeSize="57.331378299120232">
            <LayoutItem Id="Admissions" RelativeSize="100" />
          </LayoutGroup>
        </LayoutGroup>
      </Layout>
    </DetailView>
    <DetailView Id="Appointment_DetailView">
      <Layout Id="Layout">
        <LayoutGroup Id="Main">
          <LayoutGroup Id="Autobb5a234c-15c8-422d-881d-f37eb5750578">
            <LayoutGroup Id="Event_col2">
              <LayoutItem Id="Physician" ViewItem="Physician" />
              <LayoutItem Id="date" ViewItem="date" />
            </LayoutGroup>
          </LayoutGroup>
        </LayoutGroup>
      </Layout>
    </DetailView>
    <DetailView Id="Payments_DetailView">
      <Layout Id="Layout">
        <LayoutGroup Id="Main">
          <LayoutGroup Id="SimpleEditors">
            <LayoutGroup Id="Payments">
              <LayoutGroup Id="Payments_col2">
                <LayoutItem Id="date" RelativeSize="7.2463768115942031" />
                <LayoutItem Id="Patient" RelativeSize="6.0869565217391308" />
              </LayoutGroup>
            </LayoutGroup>
          </LayoutGroup>
        </LayoutGroup>
      </Layout>
    </DetailView>
  </Views>
  <NavigationItems Id="NavigationItems">
    <Items Id="Items">
      <Item Id="سندات">
        <Items Id="Items">
          <Item Id="Bond_ListView" ViewId="Bond_ListView" />
        </Items>
      </Item>
      <Item Id="In-Patient">
        <Items Id="Items">
          <Item Id="Patient_ListView">
            <Items Id="Items">
              <Item Id="Physician_ListView" ViewId="Physician_ListView" />
            </Items>
          </Item>
        </Items>
      </Item>
    </Items>
  </NavigationItems>
</Application>