﻿<?xml version="1.0" encoding="utf-8"?>
<Application>
  <Views Id="Views">
    <DetailView Id="JournalDetails_DetailView">
      <Layout Id="Layout">
        <LayoutGroup Id="Main">
          <LayoutGroup Id="SimpleEditors">
            <LayoutGroup Id="JournalDetails">
              <LayoutGroup Id="JournalDetails_col1" Caption="تفاصيل القيد1" />
              <LayoutGroup Id="JournalDetails_col2" Caption="تفاصيل القيد2" />
            </LayoutGroup>
          </LayoutGroup>
        </LayoutGroup>
      </Layout>
    </DetailView>
  </Views>
</Application>