﻿<?xml version="1.0" encoding="utf-8"?>
<Application>
  <NavigationItems Id="NavigationItems">
    <Items Id="Items">
      <Item Id="سندات">
        <Items Id="Items">
          <Item Id="Bond_ListView" ViewId="Bond_ListView" />
        </Items>
      </Item>
      <Item Id="In-Patient">
        <Items Id="Items">
          <Item Id="Patient_ListView">
            <Items Id="Items">
              <Item Id="Physician_ListView" ViewId="Physician_ListView" />
            </Items>
          </Item>
        </Items>
      </Item>
    </Items>
  </NavigationItems>
  <Views Id="Views">
    <DetailView Id="Patient_DetailView">
      <Layout Id="Layout">
        <TabbedGroup Id="Item1">
          <LayoutGroup Id="Item2">
            <LayoutGroup Id="Person_col2">
              <LayoutItem Id="Email" ViewItem="Email" />
            </LayoutGroup>
          </LayoutGroup>
          <LayoutGroup Id="SimpleEditors">
            <LayoutGroup Id="Auto349933a2-8e57-42f5-b83c-480f91841d2e">
              <LayoutGroup Id="Autoda6756be-bbe8-4c94-98ae-658a9c865e80">
                <LayoutGroup Id="Person_col1">
                  <LayoutItem Id="Photo" ViewItem="Photo" />
                </LayoutGroup>
              </LayoutGroup>
              <LayoutGroup Id="Autodf27cc5a-5543-4b0e-8469-fcc3c395e53c">
                <LayoutGroup Id="Auto0c68a9ff-f894-4891-b13a-f7df9ffb1cc7">
                  <LayoutGroup Id="Autob23b5c56-54d8-4d3d-8d3b-fe2260f9838c">
                    <LayoutGroup Id="Auto7ca46bca-c187-429d-a84a-262281505ec8">
                      <LayoutItem Id="Address1" ViewItem="Address1" />
                    </LayoutGroup>
                  </LayoutGroup>
                  <LayoutItem Id="FirstName" ViewItem="FirstName" />
                </LayoutGroup>
              </LayoutGroup>
            </LayoutGroup>
          </LayoutGroup>
        </TabbedGroup>
      </Layout>
    </DetailView>
  </Views>
</Application>