﻿<?xml version="1.0" encoding="utf-8"?>
<Application>
  <BOModel Id="BOModel">
    <Class Name="XafDataModel.Module.BusinessObjects.test2.Appointment">
      <OwnMembers Id="OwnMembers">
        <Member Name="Transaction" Caption="التحويل" />
      </OwnMembers>
    </Class>
  </BOModel>
  <Views Id="Views">
    <DetailView Id="Patient_DetailView">
      <Items Id="Items">
        <PropertyEditor Id="ID" Caption="كود المريض" />
      </Items>
    </DetailView>
    <ListView Id="Patient_Appointments_ListView">
      <Columns Id="Columns">
        <ColumnInfo Id="Transaction" Caption="التحويل" />
      </Columns>
    </ListView>
    <DetailView Id="Appointment_DetailView">
      <Items Id="Items">
        <PropertyEditor Id="Transaction" Caption="التحويل" />
      </Items>
    </DetailView>
    <ListView Id="Appointment_ListView">
      <Columns Id="Columns">
        <ColumnInfo Id="Transaction" Caption="التحويل" />
      </Columns>
    </ListView>
  </Views>
</Application>