﻿<?xml version="1.0" encoding="utf-8"?>
<Application>
  <Views Id="Views">
    <DetailView Id="Admission_DetailView">
      <Layout Id="Layout">
        <TabbedGroup Id="Item1">
          <LayoutGroup Id="Main">
            <TabbedGroup Id="Tabs">
              <LayoutGroup Id="Item6">
                <LayoutItem Id="TemporaryLeaves" ViewItem="TemporaryLeaves" />
              </LayoutGroup>
            </TabbedGroup>
          </LayoutGroup>
        </TabbedGroup>
      </Layout>
    </DetailView>
  </Views>
  <NavigationItems Id="NavigationItems">
    <Items Id="Items">
      <Item Id="سندات">
        <Items Id="Items">
          <Item Id="Bond_ListView" ViewId="Bond_ListView" />
        </Items>
      </Item>
      <Item Id="In-Patient">
        <Items Id="Items">
          <Item Id="Patient_ListView">
            <Items Id="Items">
              <Item Id="Physician_ListView" ViewId="Physician_ListView" />
            </Items>
          </Item>
        </Items>
      </Item>
    </Items>
  </NavigationItems>
</Application>