﻿<?xml version="1.0" encoding="utf-8"?>
<Application>
  <NavigationItems Id="NavigationItems">
    <Items Id="Items">
      <Item Id="Default">
        <Items Id="Items">
          <Item Id="Bond_ListView" Removed="True" />
        </Items>
      </Item>
      <Item Id="سندات">
        <Items Id="Items">
          <Item Id="bond_ListView" ObjectKey="" Caption="سندات قبض خاصة بالعملاء" ImageName="BO_Invoice" ViewId="" Removed="True" />
        </Items>
      </Item>
    </Items>
  </NavigationItems>
</Application>