﻿<?xml version="1.0" encoding="utf-8"?>
<Application>
  <NavigationItems Id="NavigationItems">
    <Items Id="Items">
      <Item Id="سندات">
        <Items Id="Items">
          <Item Id="Bond_ListView" ViewId="Bond_ListView" />
        </Items>
      </Item>
      <Item Id="In-Patient">
        <Items Id="Items">
          <Item Id="Patient_ListView">
            <Items Id="Items">
              <Item Id="Physician_ListView" ViewId="Physician_ListView" />
            </Items>
          </Item>
        </Items>
      </Item>
    </Items>
  </NavigationItems>
  <Views Id="Views">
    <DetailView Id="Emergency_DetailView">
      <Layout Id="Layout">
        <LayoutGroup Id="SimpleEditors">
          <LayoutGroup Id="Emergency">
            <LayoutGroup Id="Emergency_col2">
              <LayoutItem Id="supervision" ViewItem="supervision" />
            </LayoutGroup>
          </LayoutGroup>
        </LayoutGroup>
      </Layout>
    </DetailView>
    <DetailView Id="Patient_DetailView">
      <Layout Id="Layout">
        <TabbedGroup Id="Item1">
          <LayoutGroup Id="Item2">
            <LayoutGroup Id="Person_col2">
              <LayoutItem Id="Email" ViewItem="Email" />
            </LayoutGroup>
          </LayoutGroup>
        </TabbedGroup>
      </Layout>
    </DetailView>
  </Views>
</Application>