﻿<?xml version="1.0" encoding="utf-8"?>
<Application>
  <NavigationItems Id="NavigationItems">
    <Items Id="Items">
      <Item Id="سندات">
        <Items Id="Items">
          <Item Id="Bond_ListView" ViewId="Bond_ListView" />
        </Items>
      </Item>
      <Item Id="In-Patient">
        <Items Id="Items">
          <Item Id="Patient_ListView">
            <Items Id="Items">
              <Item Id="Physician_ListView" ViewId="Physician_ListView" />
            </Items>
          </Item>
        </Items>
      </Item>
    </Items>
  </NavigationItems>
  <Views Id="Views">
    <DetailView Id="Appointment_DetailView">
      <Layout Id="Layout">
        <LayoutGroup Id="Main">
          <LayoutGroup Id="Autobb5a234c-15c8-422d-881d-f37eb5750578">
            <LayoutGroup Id="Event_col2">
              <LayoutGroup Id="Autoe450e580-ac9a-4301-97de-f1def4ec7c5a">
                <LayoutItem Id="PatientAge" ViewItem="PatientAge" />
                <LayoutItem Id="Patient" ViewItem="Patient" />
              </LayoutGroup>
            </LayoutGroup>
          </LayoutGroup>
        </LayoutGroup>
      </Layout>
    </DetailView>
    <ListView Id="Patient_Appointments_ListView">
      <Columns Id="Columns">
        <ColumnInfo Id="total" Index="4" />
      </Columns>
    </ListView>
  </Views>
</Application>