﻿<?xml version="1.0" encoding="utf-8"?>
<Application>
  <NavigationItems Id="NavigationItems">
    <Items Id="Items">
      <Item Id="Default">
        <Items Id="Items">
          <Item Id="Inventory_ListView" Removed="True" />
          <Item Id="Patient_ListView" Removed="True" />
          <Item Id="Product_ListView" Removed="True" />
          <Item Id="Room_ListView" Removed="True" />
          <Item Id="Service_ListView" Removed="True" />
          <Item Id="Stay_ListView" Removed="True" />
        </Items>
      </Item>
    </Items>
  </NavigationItems>
</Application>