﻿<?xml version="1.0" encoding="utf-8"?>
<Application>
  <BOModel Id="BOModel">
    <Class Name="XafDataModel.Module.BusinessObjects.test2.Stay">
      <AppearanceRules Id="AppearanceRules">
        
        <AppearanceRule Id="DisableIfDischarged" TargetItems="*" Criteria="[IsDischarged] = True" Enabled="False" />
      </AppearanceRules>
      <OwnMembers Id="OwnMembers">
        <Member Name="medicationSum" EditMask="C" />
      </OwnMembers>
    </Class>
  </BOModel>
  <Views Id="Views">
    <ListView Id="Stay_CompanionDetailsCollection_ListView" IsFooterVisible="True" ShowDetailView="False">
      <Columns Id="Columns">
        <ColumnInfo Id="Companion">
          <Summary Id="Summary">
            <ColumnSummaryItem Id="@92146de7-83f5-42a2-b2d4-906dbe7bcef1" SummaryType="Count" />
          </Summary>
        </ColumnInfo>
        <ColumnInfo Id="price">
          <Summary Id="Summary">
            <ColumnSummaryItem Id="@efa9a170-2389-4f48-a794-b7c481f548c2" SummaryType="Sum" />
          </Summary>
        </ColumnInfo>
      </Columns>
    </ListView>
    <DetailView Id="Stay_DetailView">
      <Items Id="Items">
        <PropertyEditor Id="medicationSum" EditMask="C" />
        <PropertyEditor Id="Patient" DataSourceCriteria="[InStay] = False" />
      </Items>
    </DetailView>
    <ListView Id="Stay_ListView" AllowEdit="True" EditorTypeName="DevExpress.ExpressApp.Win.Editors.GridListEditor" IsFooterVisible="True" PreviewColumnName="">
      <Columns Id="Columns">
        <ColumnInfo Id="StayID" Width="57" Index="0">
          <Summary Id="Summary">
            <ColumnSummaryItem Id="@eb1c9ad8-3cf5-49d5-88ae-985be4b1e92f" SummaryType="Count" />
          </Summary>
        </ColumnInfo>
        <ColumnInfo Id="Patient" Width="72" Index="2" />
        <ColumnInfo Id="Room" Width="49" Index="2" />
        <ColumnInfo Id="doctor" Width="52" Index="3" />
        <ColumnInfo Id="Status" Width="87" Index="4" />
        <ColumnInfo Id="StayStart" Index="5" Width="73" />
        <ColumnInfo Id="StayEnd" Width="0" Index="6" />
        <ColumnInfo Id="IsDischarged" Width="52" Index="7" />
        <ColumnInfo Id="medicationSum" Width="87" Index="8" EditMask="C" />
        <ColumnInfo Id="suppliesSum" Width="145" Index="9" />
        <ColumnInfo Id="servicesSum" Width="95" Index="10" />
        <ColumnInfo Id="companionSum" Width="122" Index="11" />
        <ColumnInfo Id="roomStaySum" Width="112" Index="12" />
        <ColumnInfo Id="supervisionSum" Width="129" Index="13" />
        <ColumnInfo Id="careSum" Width="119" Index="14" />
        <ColumnInfo Id="stayTotalSum" Width="135" Index="15">
          <Summary Id="Summary">
            <ColumnSummaryItem Id="@4da105c7-de2c-4a6c-aadd-9de9be0de9d0" SummaryType="Sum" />
          </Summary>
        </ColumnInfo>
      </Columns>
      <PivotSettings Id="PivotSettings" ChartDataVertical="False" AddNewColumns="False" CustomizationEnabled="False" Settings="﻿&lt;XtraSerializer version=&quot;1.0&quot; application=&quot;PivotGrid&quot;&gt;&#xD;&#xA;  &lt;property name=&quot;#LayoutVersion&quot; /&gt;&#xD;&#xA;  &lt;property name=&quot;#LayoutScaleFactor&quot;&gt;@1,Width=1@1,Height=1&lt;/property&gt;&#xD;&#xA;  &lt;property name=&quot;FixedColumnFieldValues&quot; iskey=&quot;true&quot; value=&quot;0&quot; /&gt;&#xD;&#xA;  &lt;property name=&quot;Fields&quot; iskey=&quot;true&quot; value=&quot;15&quot;&gt;&#xD;&#xA;    &lt;property name=&quot;Item1&quot; isnull=&quot;true&quot; iskey=&quot;true&quot;&gt;&#xD;&#xA;      &lt;property name=&quot;Options&quot; isnull=&quot;true&quot; iskey=&quot;true&quot;&gt;&#xD;&#xA;        &lt;property name=&quot;AllowRunTimeSummaryChange&quot;&gt;true&lt;/property&gt;&#xD;&#xA;      &lt;/property&gt;&#xD;&#xA;      &lt;property name=&quot;ImageIndex&quot;&gt;-1&lt;/property&gt;&#xD;&#xA;      &lt;property name=&quot;ToolTips&quot; isnull=&quot;true&quot; iskey=&quot;true&quot;&gt;&#xD;&#xA;        &lt;property name=&quot;HeaderText&quot; /&gt;&#xD;&#xA;        &lt;property name=&quot;ValueText&quot; /&gt;&#xD;&#xA;      &lt;/property&gt;&#xD;&#xA;      &lt;property name=&quot;FieldEditName&quot; /&gt;&#xD;&#xA;      &lt;property name=&quot;Name&quot;&gt;Field_finalDiagnosis&lt;/property&gt;&#xD;&#xA;      &lt;property name=&quot;Area&quot;&gt;RowArea&lt;/property&gt;&#xD;&#xA;      &lt;property name=&quot;FieldName&quot;&gt;finalDiagnosis&lt;/property&gt;&#xD;&#xA;      &lt;property name=&quot;Caption&quot;&gt;final Diagnosis&lt;/property&gt;&#xD;&#xA;      &lt;property name=&quot;SummaryType&quot;&gt;Count&lt;/property&gt;&#xD;&#xA;      &lt;property name=&quot;CellFormat&quot; isnull=&quot;true&quot; iskey=&quot;true&quot;&gt;&#xD;&#xA;        &lt;property name=&quot;FormatString&quot; /&gt;&#xD;&#xA;        &lt;property name=&quot;FormatType&quot;&gt;Custom&lt;/property&gt;&#xD;&#xA;      &lt;/property&gt;&#xD;&#xA;      &lt;property name=&quot;GrandTotalCellFormat&quot; isnull=&quot;true&quot; iskey=&quot;true&quot;&gt;&#xD;&#xA;        &lt;property name=&quot;FormatString&quot; /&gt;&#xD;&#xA;        &lt;property name=&quot;FormatType&quot;&gt;Custom&lt;/property&gt;&#xD;&#xA;      &lt;/property&gt;&#xD;&#xA;      &lt;property name=&quot;ValueFormat&quot; isnull=&quot;true&quot; iskey=&quot;true&quot;&gt;&#xD;&#xA;        &lt;property name=&quot;FormatString&quot; /&gt;&#xD;&#xA;        &lt;property name=&quot;FormatType&quot;&gt;Custom&lt;/property&gt;&#xD;&#xA;      &lt;/property&gt;&#xD;&#xA;      &lt;property name=&quot;Index&quot;&gt;0&lt;/property&gt;&#xD;&#xA;      &lt;property name=&quot;MinWidth&quot;&gt;20&lt;/property&gt;&#xD;&#xA;      &lt;property name=&quot;Width&quot;&gt;100&lt;/property&gt;&#xD;&#xA;      &lt;property name=&quot;Visible&quot;&gt;false&lt;/property&gt;&#xD;&#xA;    &lt;/property&gt;&#xD;&#xA;    &lt;property name=&quot;Item2&quot; isnull=&quot;true&quot; iskey=&quot;true&quot;&gt;&#xD;&#xA;      &lt;property name=&quot;Options&quot; isnull=&quot;true&quot; iskey=&quot;true&quot;&gt;&#xD;&#xA;        &lt;property name=&quot;AllowRunTimeSummaryChange&quot;&gt;true&lt;/property&gt;&#xD;&#xA;      &lt;/property&gt;&#xD;&#xA;      &lt;property name=&quot;ImageIndex&quot;&gt;-1&lt;/property&gt;&#xD;&#xA;      &lt;property name=&quot;ToolTips&quot; isnull=&quot;true&quot; iskey=&quot;true&quot;&gt;&#xD;&#xA;        &lt;property name=&quot;HeaderText&quot; /&gt;&#xD;&#xA;        &lt;property name=&quot;ValueText&quot; /&gt;&#xD;&#xA;      &lt;/property&gt;&#xD;&#xA;      &lt;property name=&quot;FieldEditName&quot; /&gt;&#xD;&#xA;      &lt;property name=&quot;Name&quot;&gt;Field_firstDiagnosis&lt;/property&gt;&#xD;&#xA;      &lt;property name=&quot;Area&quot;&gt;RowArea&lt;/property&gt;&#xD;&#xA;      &lt;property name=&quot;FieldName&quot;&gt;firstDiagnosis&lt;/property&gt;&#xD;&#xA;      &lt;property name=&quot;Caption&quot;&gt;first Diagnosis&lt;/property&gt;&#xD;&#xA;      &lt;property name=&quot;SummaryType&quot;&gt;Count&lt;/property&gt;&#xD;&#xA;      &lt;property name=&quot;CellFormat&quot; isnull=&quot;true&quot; iskey=&quot;true&quot;&gt;&#xD;&#xA;        &lt;property name=&quot;FormatString&quot; /&gt;&#xD;&#xA;        &lt;property name=&quot;FormatType&quot;&gt;Custom&lt;/property&gt;&#xD;&#xA;      &lt;/property&gt;&#xD;&#xA;      &lt;property name=&quot;GrandTotalCellFormat&quot; isnull=&quot;true&quot; iskey=&quot;true&quot;&gt;&#xD;&#xA;        &lt;property name=&quot;FormatString&quot; /&gt;&#xD;&#xA;        &lt;property name=&quot;FormatType&quot;&gt;Custom&lt;/property&gt;&#xD;&#xA;      &lt;/property&gt;&#xD;&#xA;      &lt;property name=&quot;ValueFormat&quot; isnull=&quot;true&quot; iskey=&quot;true&quot;&gt;&#xD;&#xA;        &lt;property name=&quot;FormatString&quot; /&gt;&#xD;&#xA;        &lt;property name=&quot;FormatType&quot;&gt;Custom&lt;/property&gt;&#xD;&#xA;      &lt;/property&gt;&#xD;&#xA;      &lt;property name=&quot;Index&quot;&gt;1&lt;/property&gt;&#xD;&#xA;      &lt;property name=&quot;MinWidth&quot;&gt;20&lt;/property&gt;&#xD;&#xA;      &lt;property name=&quot;Width&quot;&gt;100&lt;/property&gt;&#xD;&#xA;      &lt;property name=&quot;Visible&quot;&gt;false&lt;/property&gt;&#xD;&#xA;    &lt;/property&gt;&#xD;&#xA;    &lt;property name=&quot;Item3&quot; isnull=&quot;true&quot; iskey=&quot;true&quot;&gt;&#xD;&#xA;      &lt;property name=&quot;Options&quot; isnull=&quot;true&quot; iskey=&quot;true&quot;&gt;&#xD;&#xA;        &lt;property name=&quot;AllowRunTimeSummaryChange&quot;&gt;true&lt;/property&gt;&#xD;&#xA;      &lt;/property&gt;&#xD;&#xA;      &lt;property name=&quot;ImageIndex&quot;&gt;-1&lt;/property&gt;&#xD;&#xA;      &lt;property name=&quot;ToolTips&quot; isnull=&quot;true&quot; iskey=&quot;true&quot;&gt;&#xD;&#xA;        &lt;property name=&quot;HeaderText&quot; /&gt;&#xD;&#xA;        &lt;property name=&quot;ValueText&quot; /&gt;&#xD;&#xA;      &lt;/property&gt;&#xD;&#xA;      &lt;property name=&quot;FieldEditName&quot; /&gt;&#xD;&#xA;      &lt;property name=&quot;Name&quot;&gt;Field_StayID&lt;/property&gt;&#xD;&#xA;      &lt;property name=&quot;Area&quot;&gt;RowArea&lt;/property&gt;&#xD;&#xA;      &lt;property name=&quot;FieldName&quot;&gt;StayID&lt;/property&gt;&#xD;&#xA;      &lt;property name=&quot;Caption&quot;&gt;Stay ID&lt;/property&gt;&#xD;&#xA;      &lt;property name=&quot;CellFormat&quot; isnull=&quot;true&quot; iskey=&quot;true&quot;&gt;&#xD;&#xA;        &lt;property name=&quot;FormatString&quot;&gt;{0:N0}&lt;/property&gt;&#xD;&#xA;        &lt;property name=&quot;FormatType&quot;&gt;Custom&lt;/property&gt;&#xD;&#xA;      &lt;/property&gt;&#xD;&#xA;      &lt;property name=&quot;GrandTotalCellFormat&quot; isnull=&quot;true&quot; iskey=&quot;true&quot;&gt;&#xD;&#xA;        &lt;property name=&quot;FormatString&quot;&gt;{0:N0}&lt;/property&gt;&#xD;&#xA;        &lt;property name=&quot;FormatType&quot;&gt;Custom&lt;/property&gt;&#xD;&#xA;      &lt;/property&gt;&#xD;&#xA;      &lt;property name=&quot;ValueFormat&quot; isnull=&quot;true&quot; iskey=&quot;true&quot;&gt;&#xD;&#xA;        &lt;property name=&quot;FormatString&quot;&gt;{0:N0}&lt;/property&gt;&#xD;&#xA;        &lt;property name=&quot;FormatType&quot;&gt;Custom&lt;/property&gt;&#xD;&#xA;      &lt;/property&gt;&#xD;&#xA;      &lt;property name=&quot;Index&quot;&gt;2&lt;/property&gt;&#xD;&#xA;      &lt;property name=&quot;MinWidth&quot;&gt;20&lt;/property&gt;&#xD;&#xA;      &lt;property name=&quot;Width&quot;&gt;100&lt;/property&gt;&#xD;&#xA;      &lt;property name=&quot;Visible&quot;&gt;false&lt;/property&gt;&#xD;&#xA;    &lt;/property&gt;&#xD;&#xA;    &lt;property name=&quot;Item4&quot; isnull=&quot;true&quot; iskey=&quot;true&quot;&gt;&#xD;&#xA;      &lt;property name=&quot;Options&quot; isnull=&quot;true&quot; iskey=&quot;true&quot;&gt;&#xD;&#xA;        &lt;property name=&quot;AllowRunTimeSummaryChange&quot;&gt;true&lt;/property&gt;&#xD;&#xA;      &lt;/property&gt;&#xD;&#xA;      &lt;property name=&quot;ImageIndex&quot;&gt;-1&lt;/property&gt;&#xD;&#xA;      &lt;property name=&quot;ToolTips&quot; isnull=&quot;true&quot; iskey=&quot;true&quot;&gt;&#xD;&#xA;        &lt;property name=&quot;HeaderText&quot; /&gt;&#xD;&#xA;        &lt;property name=&quot;ValueText&quot; /&gt;&#xD;&#xA;      &lt;/property&gt;&#xD;&#xA;      &lt;property name=&quot;FieldEditName&quot; /&gt;&#xD;&#xA;      &lt;property name=&quot;Name&quot;&gt;Field_Status&lt;/property&gt;&#xD;&#xA;      &lt;property name=&quot;Area&quot;&gt;RowArea&lt;/property&gt;&#xD;&#xA;      &lt;property name=&quot;FieldName&quot;&gt;Status&lt;/property&gt;&#xD;&#xA;      &lt;property name=&quot;Caption&quot;&gt;Status&lt;/property&gt;&#xD;&#xA;      &lt;property name=&quot;SummaryType&quot;&gt;Count&lt;/property&gt;&#xD;&#xA;      &lt;property name=&quot;CellFormat&quot; isnull=&quot;true&quot; iskey=&quot;true&quot;&gt;&#xD;&#xA;        &lt;property name=&quot;FormatString&quot; /&gt;&#xD;&#xA;        &lt;property name=&quot;FormatType&quot;&gt;Custom&lt;/property&gt;&#xD;&#xA;      &lt;/property&gt;&#xD;&#xA;      &lt;property name=&quot;GrandTotalCellFormat&quot; isnull=&quot;true&quot; iskey=&quot;true&quot;&gt;&#xD;&#xA;        &lt;property name=&quot;FormatString&quot; /&gt;&#xD;&#xA;        &lt;property name=&quot;FormatType&quot;&gt;Custom&lt;/property&gt;&#xD;&#xA;      &lt;/property&gt;&#xD;&#xA;      &lt;property name=&quot;ValueFormat&quot; isnull=&quot;true&quot; iskey=&quot;true&quot;&gt;&#xD;&#xA;        &lt;property name=&quot;FormatString&quot; /&gt;&#xD;&#xA;        &lt;property name=&quot;FormatType&quot;&gt;Custom&lt;/property&gt;&#xD;&#xA;      &lt;/property&gt;&#xD;&#xA;      &lt;property name=&quot;Index&quot;&gt;3&lt;/property&gt;&#xD;&#xA;      &lt;property name=&quot;AreaIndex&quot;&gt;0&lt;/property&gt;&#xD;&#xA;      &lt;property name=&quot;MinWidth&quot;&gt;20&lt;/property&gt;&#xD;&#xA;      &lt;property name=&quot;Width&quot;&gt;100&lt;/property&gt;&#xD;&#xA;    &lt;/property&gt;&#xD;&#xA;    &lt;property name=&quot;Item5&quot; isnull=&quot;true&quot; iskey=&quot;true&quot;&gt;&#xD;&#xA;      &lt;property name=&quot;Options&quot; isnull=&quot;true&quot; iskey=&quot;true&quot;&gt;&#xD;&#xA;        &lt;property name=&quot;AllowFilter&quot;&gt;False&lt;/property&gt;&#xD;&#xA;        &lt;property name=&quot;AllowRunTimeSummaryChange&quot;&gt;true&lt;/property&gt;&#xD;&#xA;      &lt;/property&gt;&#xD;&#xA;      &lt;property name=&quot;ImageIndex&quot;&gt;-1&lt;/property&gt;&#xD;&#xA;      &lt;property name=&quot;ToolTips&quot; isnull=&quot;true&quot; iskey=&quot;true&quot;&gt;&#xD;&#xA;        &lt;property name=&quot;HeaderText&quot; /&gt;&#xD;&#xA;        &lt;property name=&quot;ValueText&quot; /&gt;&#xD;&#xA;      &lt;/property&gt;&#xD;&#xA;      &lt;property name=&quot;FieldEditName&quot; /&gt;&#xD;&#xA;      &lt;property name=&quot;Name&quot;&gt;Field_Patient.FullName&lt;/property&gt;&#xD;&#xA;      &lt;property name=&quot;Area&quot;&gt;RowArea&lt;/property&gt;&#xD;&#xA;      &lt;property name=&quot;FieldName&quot;&gt;Patient.FullName&lt;/property&gt;&#xD;&#xA;      &lt;property name=&quot;Caption&quot;&gt;Patient.الاسم الكامل&lt;/property&gt;&#xD;&#xA;      &lt;property name=&quot;SummaryType&quot;&gt;Count&lt;/property&gt;&#xD;&#xA;      &lt;property name=&quot;Index&quot;&gt;4&lt;/property&gt;&#xD;&#xA;      &lt;property name=&quot;AreaIndex&quot;&gt;1&lt;/property&gt;&#xD;&#xA;      &lt;property name=&quot;MinWidth&quot;&gt;20&lt;/property&gt;&#xD;&#xA;      &lt;property name=&quot;Width&quot;&gt;100&lt;/property&gt;&#xD;&#xA;    &lt;/property&gt;&#xD;&#xA;    &lt;property name=&quot;Item6&quot; isnull=&quot;true&quot; iskey=&quot;true&quot;&gt;&#xD;&#xA;      &lt;property name=&quot;Options&quot; isnull=&quot;true&quot; iskey=&quot;true&quot;&gt;&#xD;&#xA;        &lt;property name=&quot;AllowFilter&quot;&gt;False&lt;/property&gt;&#xD;&#xA;        &lt;property name=&quot;AllowRunTimeSummaryChange&quot;&gt;true&lt;/property&gt;&#xD;&#xA;      &lt;/property&gt;&#xD;&#xA;      &lt;property name=&quot;ImageIndex&quot;&gt;-1&lt;/property&gt;&#xD;&#xA;      &lt;property name=&quot;ToolTips&quot; isnull=&quot;true&quot; iskey=&quot;true&quot;&gt;&#xD;&#xA;        &lt;property name=&quot;HeaderText&quot; /&gt;&#xD;&#xA;        &lt;property name=&quot;ValueText&quot; /&gt;&#xD;&#xA;      &lt;/property&gt;&#xD;&#xA;      &lt;property name=&quot;FieldEditName&quot; /&gt;&#xD;&#xA;      &lt;property name=&quot;Name&quot;&gt;Field_Bed.BedNumber&lt;/property&gt;&#xD;&#xA;      &lt;property name=&quot;Area&quot;&gt;RowArea&lt;/property&gt;&#xD;&#xA;      &lt;property name=&quot;FieldName&quot;&gt;Bed.BedNumber&lt;/property&gt;&#xD;&#xA;      &lt;property name=&quot;Caption&quot;&gt;Bed.Bed Number&lt;/property&gt;&#xD;&#xA;      &lt;property name=&quot;SummaryType&quot;&gt;Count&lt;/property&gt;&#xD;&#xA;      &lt;property name=&quot;Index&quot;&gt;5&lt;/property&gt;&#xD;&#xA;      &lt;property name=&quot;AreaIndex&quot;&gt;2&lt;/property&gt;&#xD;&#xA;      &lt;property name=&quot;MinWidth&quot;&gt;20&lt;/property&gt;&#xD;&#xA;      &lt;property name=&quot;Width&quot;&gt;100&lt;/property&gt;&#xD;&#xA;    &lt;/property&gt;&#xD;&#xA;    &lt;property name=&quot;Item7&quot; isnull=&quot;true&quot; iskey=&quot;true&quot;&gt;&#xD;&#xA;      &lt;property name=&quot;Options&quot; isnull=&quot;true&quot; iskey=&quot;true&quot;&gt;&#xD;&#xA;        &lt;property name=&quot;AllowRunTimeSummaryChange&quot;&gt;true&lt;/property&gt;&#xD;&#xA;      &lt;/property&gt;&#xD;&#xA;      &lt;property name=&quot;ImageIndex&quot;&gt;-1&lt;/property&gt;&#xD;&#xA;      &lt;property name=&quot;ToolTips&quot; isnull=&quot;true&quot; iskey=&quot;true&quot;&gt;&#xD;&#xA;        &lt;property name=&quot;HeaderText&quot; /&gt;&#xD;&#xA;        &lt;property name=&quot;ValueText&quot; /&gt;&#xD;&#xA;      &lt;/property&gt;&#xD;&#xA;      &lt;property name=&quot;FieldEditName&quot; /&gt;&#xD;&#xA;      &lt;property name=&quot;Name&quot;&gt;Field_StayStart&lt;/property&gt;&#xD;&#xA;      &lt;property name=&quot;Area&quot;&gt;RowArea&lt;/property&gt;&#xD;&#xA;      &lt;property name=&quot;GroupInterval&quot;&gt;Date&lt;/property&gt;&#xD;&#xA;      &lt;property name=&quot;FieldName&quot;&gt;StayStart&lt;/property&gt;&#xD;&#xA;      &lt;property name=&quot;UnboundFieldName&quot;&gt;Field_StayStart&lt;/property&gt;&#xD;&#xA;      &lt;property name=&quot;Caption&quot;&gt;Stay Start&lt;/property&gt;&#xD;&#xA;      &lt;property name=&quot;SummaryType&quot;&gt;Count&lt;/property&gt;&#xD;&#xA;      &lt;property name=&quot;CellFormat&quot; isnull=&quot;true&quot; iskey=&quot;true&quot;&gt;&#xD;&#xA;        &lt;property name=&quot;FormatString&quot;&gt;{0:d}&lt;/property&gt;&#xD;&#xA;        &lt;property name=&quot;FormatType&quot;&gt;Custom&lt;/property&gt;&#xD;&#xA;      &lt;/property&gt;&#xD;&#xA;      &lt;property name=&quot;GrandTotalCellFormat&quot; isnull=&quot;true&quot; iskey=&quot;true&quot;&gt;&#xD;&#xA;        &lt;property name=&quot;FormatString&quot;&gt;{0:d}&lt;/property&gt;&#xD;&#xA;        &lt;property name=&quot;FormatType&quot;&gt;Custom&lt;/property&gt;&#xD;&#xA;      &lt;/property&gt;&#xD;&#xA;      &lt;property name=&quot;ValueFormat&quot; isnull=&quot;true&quot; iskey=&quot;true&quot;&gt;&#xD;&#xA;        &lt;property name=&quot;FormatString&quot;&gt;{0:d}&lt;/property&gt;&#xD;&#xA;        &lt;property name=&quot;FormatType&quot;&gt;Custom&lt;/property&gt;&#xD;&#xA;      &lt;/property&gt;&#xD;&#xA;      &lt;property name=&quot;Index&quot;&gt;6&lt;/property&gt;&#xD;&#xA;      &lt;property name=&quot;AreaIndex&quot;&gt;3&lt;/property&gt;&#xD;&#xA;      &lt;property name=&quot;MinWidth&quot;&gt;20&lt;/property&gt;&#xD;&#xA;      &lt;property name=&quot;Width&quot;&gt;100&lt;/property&gt;&#xD;&#xA;    &lt;/property&gt;&#xD;&#xA;    &lt;property name=&quot;Item8&quot; isnull=&quot;true&quot; iskey=&quot;true&quot;&gt;&#xD;&#xA;      &lt;property name=&quot;Options&quot; isnull=&quot;true&quot; iskey=&quot;true&quot;&gt;&#xD;&#xA;        &lt;property name=&quot;AllowRunTimeSummaryChange&quot;&gt;true&lt;/property&gt;&#xD;&#xA;      &lt;/property&gt;&#xD;&#xA;      &lt;property name=&quot;ImageIndex&quot;&gt;-1&lt;/property&gt;&#xD;&#xA;      &lt;property name=&quot;ToolTips&quot; isnull=&quot;true&quot; iskey=&quot;true&quot;&gt;&#xD;&#xA;        &lt;property name=&quot;HeaderText&quot; /&gt;&#xD;&#xA;        &lt;property name=&quot;ValueText&quot; /&gt;&#xD;&#xA;      &lt;/property&gt;&#xD;&#xA;      &lt;property name=&quot;FieldEditName&quot; /&gt;&#xD;&#xA;      &lt;property name=&quot;Name&quot;&gt;Field_StayEnd&lt;/property&gt;&#xD;&#xA;      &lt;property name=&quot;Area&quot;&gt;RowArea&lt;/property&gt;&#xD;&#xA;      &lt;property name=&quot;GroupInterval&quot;&gt;Date&lt;/property&gt;&#xD;&#xA;      &lt;property name=&quot;FieldName&quot;&gt;StayEnd&lt;/property&gt;&#xD;&#xA;      &lt;property name=&quot;UnboundFieldName&quot;&gt;Field_StayEnd&lt;/property&gt;&#xD;&#xA;      &lt;property name=&quot;Caption&quot;&gt;Stay End&lt;/property&gt;&#xD;&#xA;      &lt;property name=&quot;SummaryType&quot;&gt;Count&lt;/property&gt;&#xD;&#xA;      &lt;property name=&quot;CellFormat&quot; isnull=&quot;true&quot; iskey=&quot;true&quot;&gt;&#xD;&#xA;        &lt;property name=&quot;FormatString&quot;&gt;{0:d}&lt;/property&gt;&#xD;&#xA;        &lt;property name=&quot;FormatType&quot;&gt;Custom&lt;/property&gt;&#xD;&#xA;      &lt;/property&gt;&#xD;&#xA;      &lt;property name=&quot;GrandTotalCellFormat&quot; isnull=&quot;true&quot; iskey=&quot;true&quot;&gt;&#xD;&#xA;        &lt;property name=&quot;FormatString&quot;&gt;{0:d}&lt;/property&gt;&#xD;&#xA;        &lt;property name=&quot;FormatType&quot;&gt;Custom&lt;/property&gt;&#xD;&#xA;      &lt;/property&gt;&#xD;&#xA;      &lt;property name=&quot;ValueFormat&quot; isnull=&quot;true&quot; iskey=&quot;true&quot;&gt;&#xD;&#xA;        &lt;property name=&quot;FormatString&quot;&gt;{0:d}&lt;/property&gt;&#xD;&#xA;        &lt;property name=&quot;FormatType&quot;&gt;Custom&lt;/property&gt;&#xD;&#xA;      &lt;/property&gt;&#xD;&#xA;      &lt;property name=&quot;Index&quot;&gt;7&lt;/property&gt;&#xD;&#xA;      &lt;property name=&quot;AreaIndex&quot;&gt;4&lt;/property&gt;&#xD;&#xA;      &lt;property name=&quot;MinWidth&quot;&gt;20&lt;/property&gt;&#xD;&#xA;      &lt;property name=&quot;Width&quot;&gt;100&lt;/property&gt;&#xD;&#xA;    &lt;/property&gt;&#xD;&#xA;    &lt;property name=&quot;Item9&quot; isnull=&quot;true&quot; iskey=&quot;true&quot;&gt;&#xD;&#xA;      &lt;property name=&quot;Options&quot; isnull=&quot;true&quot; iskey=&quot;true&quot;&gt;&#xD;&#xA;        &lt;property name=&quot;AllowRunTimeSummaryChange&quot;&gt;true&lt;/property&gt;&#xD;&#xA;      &lt;/property&gt;&#xD;&#xA;      &lt;property name=&quot;ImageIndex&quot;&gt;-1&lt;/property&gt;&#xD;&#xA;      &lt;property name=&quot;ToolTips&quot; isnull=&quot;true&quot; iskey=&quot;true&quot;&gt;&#xD;&#xA;        &lt;property name=&quot;HeaderText&quot; /&gt;&#xD;&#xA;        &lt;property name=&quot;ValueText&quot; /&gt;&#xD;&#xA;      &lt;/property&gt;&#xD;&#xA;      &lt;property name=&quot;FieldEditName&quot; /&gt;&#xD;&#xA;      &lt;property name=&quot;Name&quot;&gt;Field_IsDischarged&lt;/property&gt;&#xD;&#xA;      &lt;property name=&quot;Area&quot;&gt;RowArea&lt;/property&gt;&#xD;&#xA;      &lt;property name=&quot;FieldName&quot;&gt;IsDischarged&lt;/property&gt;&#xD;&#xA;      &lt;property name=&quot;Caption&quot;&gt;Is Discharged&lt;/property&gt;&#xD;&#xA;      &lt;property name=&quot;SummaryType&quot;&gt;Count&lt;/property&gt;&#xD;&#xA;      &lt;property name=&quot;CellFormat&quot; isnull=&quot;true&quot; iskey=&quot;true&quot;&gt;&#xD;&#xA;        &lt;property name=&quot;FormatString&quot; /&gt;&#xD;&#xA;        &lt;property name=&quot;FormatType&quot;&gt;Custom&lt;/property&gt;&#xD;&#xA;      &lt;/property&gt;&#xD;&#xA;      &lt;property name=&quot;GrandTotalCellFormat&quot; isnull=&quot;true&quot; iskey=&quot;true&quot;&gt;&#xD;&#xA;        &lt;property name=&quot;FormatString&quot; /&gt;&#xD;&#xA;        &lt;property name=&quot;FormatType&quot;&gt;Custom&lt;/property&gt;&#xD;&#xA;      &lt;/property&gt;&#xD;&#xA;      &lt;property name=&quot;ValueFormat&quot; isnull=&quot;true&quot; iskey=&quot;true&quot;&gt;&#xD;&#xA;        &lt;property name=&quot;FormatString&quot; /&gt;&#xD;&#xA;        &lt;property name=&quot;FormatType&quot;&gt;Custom&lt;/property&gt;&#xD;&#xA;      &lt;/property&gt;&#xD;&#xA;      &lt;property name=&quot;Index&quot;&gt;8&lt;/property&gt;&#xD;&#xA;      &lt;property name=&quot;AreaIndex&quot;&gt;5&lt;/property&gt;&#xD;&#xA;      &lt;property name=&quot;MinWidth&quot;&gt;20&lt;/property&gt;&#xD;&#xA;      &lt;property name=&quot;Width&quot;&gt;100&lt;/property&gt;&#xD;&#xA;    &lt;/property&gt;&#xD;&#xA;    &lt;property name=&quot;Item10&quot; isnull=&quot;true&quot; iskey=&quot;true&quot;&gt;&#xD;&#xA;      &lt;property name=&quot;Options&quot; isnull=&quot;true&quot; iskey=&quot;true&quot;&gt;&#xD;&#xA;        &lt;property name=&quot;AllowRunTimeSummaryChange&quot;&gt;true&lt;/property&gt;&#xD;&#xA;      &lt;/property&gt;&#xD;&#xA;      &lt;property name=&quot;ImageIndex&quot;&gt;-1&lt;/property&gt;&#xD;&#xA;      &lt;property name=&quot;ToolTips&quot; isnull=&quot;true&quot; iskey=&quot;true&quot;&gt;&#xD;&#xA;        &lt;property name=&quot;HeaderText&quot; /&gt;&#xD;&#xA;        &lt;property name=&quot;ValueText&quot; /&gt;&#xD;&#xA;      &lt;/property&gt;&#xD;&#xA;      &lt;property name=&quot;FieldEditName&quot; /&gt;&#xD;&#xA;      &lt;property name=&quot;Name&quot;&gt;Field_medicationSum&lt;/property&gt;&#xD;&#xA;      &lt;property name=&quot;Area&quot;&gt;RowArea&lt;/property&gt;&#xD;&#xA;      &lt;property name=&quot;FieldName&quot;&gt;medicationSum&lt;/property&gt;&#xD;&#xA;      &lt;property name=&quot;Caption&quot;&gt;medication Sum&lt;/property&gt;&#xD;&#xA;      &lt;property name=&quot;CellFormat&quot; isnull=&quot;true&quot; iskey=&quot;true&quot;&gt;&#xD;&#xA;        &lt;property name=&quot;FormatString&quot;&gt;{C}&lt;/property&gt;&#xD;&#xA;        &lt;property name=&quot;FormatType&quot;&gt;Custom&lt;/property&gt;&#xD;&#xA;      &lt;/property&gt;&#xD;&#xA;      &lt;property name=&quot;GrandTotalCellFormat&quot; isnull=&quot;true&quot; iskey=&quot;true&quot;&gt;&#xD;&#xA;        &lt;property name=&quot;FormatString&quot;&gt;{C}&lt;/property&gt;&#xD;&#xA;        &lt;property name=&quot;FormatType&quot;&gt;Custom&lt;/property&gt;&#xD;&#xA;      &lt;/property&gt;&#xD;&#xA;      &lt;property name=&quot;ValueFormat&quot; isnull=&quot;true&quot; iskey=&quot;true&quot;&gt;&#xD;&#xA;        &lt;property name=&quot;FormatString&quot;&gt;{C}&lt;/property&gt;&#xD;&#xA;        &lt;property name=&quot;FormatType&quot;&gt;Custom&lt;/property&gt;&#xD;&#xA;      &lt;/property&gt;&#xD;&#xA;      &lt;property name=&quot;Index&quot;&gt;9&lt;/property&gt;&#xD;&#xA;      &lt;property name=&quot;AreaIndex&quot;&gt;6&lt;/property&gt;&#xD;&#xA;      &lt;property name=&quot;MinWidth&quot;&gt;20&lt;/property&gt;&#xD;&#xA;      &lt;property name=&quot;Width&quot;&gt;100&lt;/property&gt;&#xD;&#xA;    &lt;/property&gt;&#xD;&#xA;    &lt;property name=&quot;Item11&quot; isnull=&quot;true&quot; iskey=&quot;true&quot;&gt;&#xD;&#xA;      &lt;property name=&quot;Options&quot; isnull=&quot;true&quot; iskey=&quot;true&quot;&gt;&#xD;&#xA;        &lt;property name=&quot;AllowRunTimeSummaryChange&quot;&gt;true&lt;/property&gt;&#xD;&#xA;      &lt;/property&gt;&#xD;&#xA;      &lt;property name=&quot;ImageIndex&quot;&gt;-1&lt;/property&gt;&#xD;&#xA;      &lt;property name=&quot;ToolTips&quot; isnull=&quot;true&quot; iskey=&quot;true&quot;&gt;&#xD;&#xA;        &lt;property name=&quot;HeaderText&quot; /&gt;&#xD;&#xA;        &lt;property name=&quot;ValueText&quot; /&gt;&#xD;&#xA;      &lt;/property&gt;&#xD;&#xA;      &lt;property name=&quot;FieldEditName&quot; /&gt;&#xD;&#xA;      &lt;property name=&quot;Name&quot;&gt;Field_suppliesSum&lt;/property&gt;&#xD;&#xA;      &lt;property name=&quot;Area&quot;&gt;RowArea&lt;/property&gt;&#xD;&#xA;      &lt;property name=&quot;FieldName&quot;&gt;suppliesSum&lt;/property&gt;&#xD;&#xA;      &lt;property name=&quot;Caption&quot;&gt;supplies Sum&lt;/property&gt;&#xD;&#xA;      &lt;property name=&quot;CellFormat&quot; isnull=&quot;true&quot; iskey=&quot;true&quot;&gt;&#xD;&#xA;        &lt;property name=&quot;FormatString&quot;&gt;{C}&lt;/property&gt;&#xD;&#xA;        &lt;property name=&quot;FormatType&quot;&gt;Custom&lt;/property&gt;&#xD;&#xA;      &lt;/property&gt;&#xD;&#xA;      &lt;property name=&quot;GrandTotalCellFormat&quot; isnull=&quot;true&quot; iskey=&quot;true&quot;&gt;&#xD;&#xA;        &lt;property name=&quot;FormatString&quot;&gt;{C}&lt;/property&gt;&#xD;&#xA;        &lt;property name=&quot;FormatType&quot;&gt;Custom&lt;/property&gt;&#xD;&#xA;      &lt;/property&gt;&#xD;&#xA;      &lt;property name=&quot;ValueFormat&quot; isnull=&quot;true&quot; iskey=&quot;true&quot;&gt;&#xD;&#xA;        &lt;property name=&quot;FormatString&quot;&gt;{C}&lt;/property&gt;&#xD;&#xA;        &lt;property name=&quot;FormatType&quot;&gt;Custom&lt;/property&gt;&#xD;&#xA;      &lt;/property&gt;&#xD;&#xA;      &lt;property name=&quot;Index&quot;&gt;10&lt;/property&gt;&#xD;&#xA;      &lt;property name=&quot;AreaIndex&quot;&gt;7&lt;/property&gt;&#xD;&#xA;      &lt;property name=&quot;MinWidth&quot;&gt;20&lt;/property&gt;&#xD;&#xA;      &lt;property name=&quot;Width&quot;&gt;100&lt;/property&gt;&#xD;&#xA;    &lt;/property&gt;&#xD;&#xA;    &lt;property name=&quot;Item12&quot; isnull=&quot;true&quot; iskey=&quot;true&quot;&gt;&#xD;&#xA;      &lt;property name=&quot;Options&quot; isnull=&quot;true&quot; iskey=&quot;true&quot;&gt;&#xD;&#xA;        &lt;property name=&quot;AllowRunTimeSummaryChange&quot;&gt;true&lt;/property&gt;&#xD;&#xA;      &lt;/property&gt;&#xD;&#xA;      &lt;property name=&quot;ImageIndex&quot;&gt;-1&lt;/property&gt;&#xD;&#xA;      &lt;property name=&quot;ToolTips&quot; isnull=&quot;true&quot; iskey=&quot;true&quot;&gt;&#xD;&#xA;        &lt;property name=&quot;HeaderText&quot; /&gt;&#xD;&#xA;        &lt;property name=&quot;ValueText&quot; /&gt;&#xD;&#xA;      &lt;/property&gt;&#xD;&#xA;      &lt;property name=&quot;FieldEditName&quot; /&gt;&#xD;&#xA;      &lt;property name=&quot;Name&quot;&gt;Field_servicesSum&lt;/property&gt;&#xD;&#xA;      &lt;property name=&quot;Area&quot;&gt;RowArea&lt;/property&gt;&#xD;&#xA;      &lt;property name=&quot;FieldName&quot;&gt;servicesSum&lt;/property&gt;&#xD;&#xA;      &lt;property name=&quot;Caption&quot;&gt;services Sum&lt;/property&gt;&#xD;&#xA;      &lt;property name=&quot;CellFormat&quot; isnull=&quot;true&quot; iskey=&quot;true&quot;&gt;&#xD;&#xA;        &lt;property name=&quot;FormatString&quot;&gt;{C}&lt;/property&gt;&#xD;&#xA;        &lt;property name=&quot;FormatType&quot;&gt;Custom&lt;/property&gt;&#xD;&#xA;      &lt;/property&gt;&#xD;&#xA;      &lt;property name=&quot;GrandTotalCellFormat&quot; isnull=&quot;true&quot; iskey=&quot;true&quot;&gt;&#xD;&#xA;        &lt;property name=&quot;FormatString&quot;&gt;{C}&lt;/property&gt;&#xD;&#xA;        &lt;property name=&quot;FormatType&quot;&gt;Custom&lt;/property&gt;&#xD;&#xA;      &lt;/property&gt;&#xD;&#xA;      &lt;property name=&quot;ValueFormat&quot; isnull=&quot;true&quot; iskey=&quot;true&quot;&gt;&#xD;&#xA;        &lt;property name=&quot;FormatString&quot;&gt;{C}&lt;/property&gt;&#xD;&#xA;        &lt;property name=&quot;FormatType&quot;&gt;Custom&lt;/property&gt;&#xD;&#xA;      &lt;/property&gt;&#xD;&#xA;      &lt;property name=&quot;Index&quot;&gt;11&lt;/property&gt;&#xD;&#xA;      &lt;property name=&quot;AreaIndex&quot;&gt;8&lt;/property&gt;&#xD;&#xA;      &lt;property name=&quot;MinWidth&quot;&gt;20&lt;/property&gt;&#xD;&#xA;      &lt;property name=&quot;Width&quot;&gt;100&lt;/property&gt;&#xD;&#xA;    &lt;/property&gt;&#xD;&#xA;    &lt;property name=&quot;Item13&quot; isnull=&quot;true&quot; iskey=&quot;true&quot;&gt;&#xD;&#xA;      &lt;property name=&quot;Options&quot; isnull=&quot;true&quot; iskey=&quot;true&quot;&gt;&#xD;&#xA;        &lt;property name=&quot;AllowRunTimeSummaryChange&quot;&gt;true&lt;/property&gt;&#xD;&#xA;      &lt;/property&gt;&#xD;&#xA;      &lt;property name=&quot;ImageIndex&quot;&gt;-1&lt;/property&gt;&#xD;&#xA;      &lt;property name=&quot;ToolTips&quot; isnull=&quot;true&quot; iskey=&quot;true&quot;&gt;&#xD;&#xA;        &lt;property name=&quot;HeaderText&quot; /&gt;&#xD;&#xA;        &lt;property name=&quot;ValueText&quot; /&gt;&#xD;&#xA;      &lt;/property&gt;&#xD;&#xA;      &lt;property name=&quot;FieldEditName&quot; /&gt;&#xD;&#xA;      &lt;property name=&quot;Name&quot;&gt;Field_companionSum&lt;/property&gt;&#xD;&#xA;      &lt;property name=&quot;Area&quot;&gt;RowArea&lt;/property&gt;&#xD;&#xA;      &lt;property name=&quot;FieldName&quot;&gt;companionSum&lt;/property&gt;&#xD;&#xA;      &lt;property name=&quot;Caption&quot;&gt;companion Sum&lt;/property&gt;&#xD;&#xA;      &lt;property name=&quot;CellFormat&quot; isnull=&quot;true&quot; iskey=&quot;true&quot;&gt;&#xD;&#xA;        &lt;property name=&quot;FormatString&quot;&gt;{C}&lt;/property&gt;&#xD;&#xA;        &lt;property name=&quot;FormatType&quot;&gt;Custom&lt;/property&gt;&#xD;&#xA;      &lt;/property&gt;&#xD;&#xA;      &lt;property name=&quot;GrandTotalCellFormat&quot; isnull=&quot;true&quot; iskey=&quot;true&quot;&gt;&#xD;&#xA;        &lt;property name=&quot;FormatString&quot;&gt;{C}&lt;/property&gt;&#xD;&#xA;        &lt;property name=&quot;FormatType&quot;&gt;Custom&lt;/property&gt;&#xD;&#xA;      &lt;/property&gt;&#xD;&#xA;      &lt;property name=&quot;ValueFormat&quot; isnull=&quot;true&quot; iskey=&quot;true&quot;&gt;&#xD;&#xA;        &lt;property name=&quot;FormatString&quot;&gt;{C}&lt;/property&gt;&#xD;&#xA;        &lt;property name=&quot;FormatType&quot;&gt;Custom&lt;/property&gt;&#xD;&#xA;      &lt;/property&gt;&#xD;&#xA;      &lt;property name=&quot;Index&quot;&gt;12&lt;/property&gt;&#xD;&#xA;      &lt;property name=&quot;AreaIndex&quot;&gt;9&lt;/property&gt;&#xD;&#xA;      &lt;property name=&quot;MinWidth&quot;&gt;20&lt;/property&gt;&#xD;&#xA;      &lt;property name=&quot;Width&quot;&gt;100&lt;/property&gt;&#xD;&#xA;    &lt;/property&gt;&#xD;&#xA;    &lt;property name=&quot;Item14&quot; isnull=&quot;true&quot; iskey=&quot;true&quot;&gt;&#xD;&#xA;      &lt;property name=&quot;Options&quot; isnull=&quot;true&quot; iskey=&quot;true&quot;&gt;&#xD;&#xA;        &lt;property name=&quot;AllowRunTimeSummaryChange&quot;&gt;true&lt;/property&gt;&#xD;&#xA;      &lt;/property&gt;&#xD;&#xA;      &lt;property name=&quot;ImageIndex&quot;&gt;-1&lt;/property&gt;&#xD;&#xA;      &lt;property name=&quot;ToolTips&quot; isnull=&quot;true&quot; iskey=&quot;true&quot;&gt;&#xD;&#xA;        &lt;property name=&quot;HeaderText&quot; /&gt;&#xD;&#xA;        &lt;property name=&quot;ValueText&quot; /&gt;&#xD;&#xA;      &lt;/property&gt;&#xD;&#xA;      &lt;property name=&quot;FieldEditName&quot; /&gt;&#xD;&#xA;      &lt;property name=&quot;Name&quot;&gt;Field_roomSum&lt;/property&gt;&#xD;&#xA;      &lt;property name=&quot;Area&quot;&gt;RowArea&lt;/property&gt;&#xD;&#xA;      &lt;property name=&quot;FieldName&quot;&gt;roomSum&lt;/property&gt;&#xD;&#xA;      &lt;property name=&quot;Caption&quot;&gt;room Sum&lt;/property&gt;&#xD;&#xA;      &lt;property name=&quot;CellFormat&quot; isnull=&quot;true&quot; iskey=&quot;true&quot;&gt;&#xD;&#xA;        &lt;property name=&quot;FormatString&quot;&gt;{C}&lt;/property&gt;&#xD;&#xA;        &lt;property name=&quot;FormatType&quot;&gt;Custom&lt;/property&gt;&#xD;&#xA;      &lt;/property&gt;&#xD;&#xA;      &lt;property name=&quot;GrandTotalCellFormat&quot; isnull=&quot;true&quot; iskey=&quot;true&quot;&gt;&#xD;&#xA;        &lt;property name=&quot;FormatString&quot;&gt;{C}&lt;/property&gt;&#xD;&#xA;        &lt;property name=&quot;FormatType&quot;&gt;Custom&lt;/property&gt;&#xD;&#xA;      &lt;/property&gt;&#xD;&#xA;      &lt;property name=&quot;ValueFormat&quot; isnull=&quot;true&quot; iskey=&quot;true&quot;&gt;&#xD;&#xA;        &lt;property name=&quot;FormatString&quot;&gt;{C}&lt;/property&gt;&#xD;&#xA;        &lt;property name=&quot;FormatType&quot;&gt;Custom&lt;/property&gt;&#xD;&#xA;      &lt;/property&gt;&#xD;&#xA;      &lt;property name=&quot;Index&quot;&gt;13&lt;/property&gt;&#xD;&#xA;      &lt;property name=&quot;AreaIndex&quot;&gt;10&lt;/property&gt;&#xD;&#xA;      &lt;property name=&quot;MinWidth&quot;&gt;20&lt;/property&gt;&#xD;&#xA;      &lt;property name=&quot;Width&quot;&gt;100&lt;/property&gt;&#xD;&#xA;    &lt;/property&gt;&#xD;&#xA;    &lt;property name=&quot;Item15&quot; isnull=&quot;true&quot; iskey=&quot;true&quot;&gt;&#xD;&#xA;      &lt;property name=&quot;Options&quot; isnull=&quot;true&quot; iskey=&quot;true&quot;&gt;&#xD;&#xA;        &lt;property name=&quot;AllowRunTimeSummaryChange&quot;&gt;true&lt;/property&gt;&#xD;&#xA;      &lt;/property&gt;&#xD;&#xA;      &lt;property name=&quot;ImageIndex&quot;&gt;-1&lt;/property&gt;&#xD;&#xA;      &lt;property name=&quot;ToolTips&quot; isnull=&quot;true&quot; iskey=&quot;true&quot;&gt;&#xD;&#xA;        &lt;property name=&quot;HeaderText&quot; /&gt;&#xD;&#xA;        &lt;property name=&quot;ValueText&quot; /&gt;&#xD;&#xA;      &lt;/property&gt;&#xD;&#xA;      &lt;property name=&quot;FieldEditName&quot; /&gt;&#xD;&#xA;      &lt;property name=&quot;Name&quot;&gt;Field_TotalStaySum&lt;/property&gt;&#xD;&#xA;      &lt;property name=&quot;Area&quot;&gt;RowArea&lt;/property&gt;&#xD;&#xA;      &lt;property name=&quot;FieldName&quot;&gt;TotalStaySum&lt;/property&gt;&#xD;&#xA;      &lt;property name=&quot;Caption&quot;&gt;Total Stay Sum&lt;/property&gt;&#xD;&#xA;      &lt;property name=&quot;CellFormat&quot; isnull=&quot;true&quot; iskey=&quot;true&quot;&gt;&#xD;&#xA;        &lt;property name=&quot;FormatString&quot;&gt;{C}&lt;/property&gt;&#xD;&#xA;        &lt;property name=&quot;FormatType&quot;&gt;Custom&lt;/property&gt;&#xD;&#xA;      &lt;/property&gt;&#xD;&#xA;      &lt;property name=&quot;GrandTotalCellFormat&quot; isnull=&quot;true&quot; iskey=&quot;true&quot;&gt;&#xD;&#xA;        &lt;property name=&quot;FormatString&quot;&gt;{C}&lt;/property&gt;&#xD;&#xA;        &lt;property name=&quot;FormatType&quot;&gt;Custom&lt;/property&gt;&#xD;&#xA;      &lt;/property&gt;&#xD;&#xA;      &lt;property name=&quot;ValueFormat&quot; isnull=&quot;true&quot; iskey=&quot;true&quot;&gt;&#xD;&#xA;        &lt;property name=&quot;FormatString&quot;&gt;{C}&lt;/property&gt;&#xD;&#xA;        &lt;property name=&quot;FormatType&quot;&gt;Custom&lt;/property&gt;&#xD;&#xA;      &lt;/property&gt;&#xD;&#xA;      &lt;property name=&quot;Index&quot;&gt;14&lt;/property&gt;&#xD;&#xA;      &lt;property name=&quot;AreaIndex&quot;&gt;11&lt;/property&gt;&#xD;&#xA;      &lt;property name=&quot;MinWidth&quot;&gt;20&lt;/property&gt;&#xD;&#xA;      &lt;property name=&quot;Width&quot;&gt;100&lt;/property&gt;&#xD;&#xA;    &lt;/property&gt;&#xD;&#xA;  &lt;/property&gt;&#xD;&#xA;  &lt;property name=&quot;Prefilter&quot; isnull=&quot;true&quot; iskey=&quot;true&quot;&gt;&#xD;&#xA;    &lt;property name=&quot;Criteria&quot; isnull=&quot;true&quot; /&gt;&#xD;&#xA;    &lt;property name=&quot;ShowOperandTypeIcon&quot;&gt;false&lt;/property&gt;&#xD;&#xA;    &lt;property name=&quot;Enabled&quot;&gt;false&lt;/property&gt;&#xD;&#xA;  &lt;/property&gt;&#xD;&#xA;  &lt;property name=&quot;OptionsCustomization&quot; isnull=&quot;true&quot; iskey=&quot;true&quot;&gt;&#xD;&#xA;    &lt;property name=&quot;CustomizationFormStyle&quot;&gt;Excel2007&lt;/property&gt;&#xD;&#xA;  &lt;/property&gt;&#xD;&#xA;  &lt;property name=&quot;OptionsChartDataSource&quot; isnull=&quot;true&quot; iskey=&quot;true&quot;&gt;&#xD;&#xA;    &lt;property name=&quot;ProvideDataByColumns&quot;&gt;false&lt;/property&gt;&#xD;&#xA;    &lt;property name=&quot;DataProvideMode&quot;&gt;UseCustomSettings&lt;/property&gt;&#xD;&#xA;  &lt;/property&gt;&#xD;&#xA;  &lt;property name=&quot;OptionsFilter&quot; isnull=&quot;true&quot; iskey=&quot;true&quot;&gt;&#xD;&#xA;    &lt;property name=&quot;DefaultFilterEditorView&quot;&gt;VisualAndText&lt;/property&gt;&#xD;&#xA;  &lt;/property&gt;&#xD;&#xA;  &lt;property name=&quot;FixedLineWidth&quot;&gt;2&lt;/property&gt;&#xD;&#xA;  &lt;property name=&quot;Groups&quot; iskey=&quot;true&quot; value=&quot;0&quot; /&gt;&#xD;&#xA;  &lt;property name=&quot;FormatRules&quot; iskey=&quot;true&quot; value=&quot;0&quot; /&gt;&#xD;&#xA;  &lt;property name=&quot;FormatConditions&quot; iskey=&quot;true&quot; value=&quot;0&quot; /&gt;&#xD;&#xA;&lt;/XtraSerializer&gt;" LayoutSettings="﻿&lt;XtraSerializer version=&quot;1.0&quot; application=&quot;XafLayoutControl&quot;&gt;&#xD;&#xA;  &lt;property name=&quot;#LayoutVersion&quot; /&gt;&#xD;&#xA;  &lt;property name=&quot;OptionsFocus&quot; isnull=&quot;true&quot; iskey=&quot;true&quot;&gt;&#xD;&#xA;    &lt;property name=&quot;ActivateSelectedControlOnGotFocus&quot;&gt;true&lt;/property&gt;&#xD;&#xA;    &lt;property name=&quot;AllowFocusControlOnLabelClick&quot;&gt;false&lt;/property&gt;&#xD;&#xA;    &lt;property name=&quot;EnableAutoTabOrder&quot;&gt;true&lt;/property&gt;&#xD;&#xA;    &lt;property name=&quot;AllowFocusControlOnActivatedTabPage&quot;&gt;false&lt;/property&gt;&#xD;&#xA;    &lt;property name=&quot;AllowFocusGroups&quot;&gt;true&lt;/property&gt;&#xD;&#xA;    &lt;property name=&quot;AllowFocusTabbedGroups&quot;&gt;true&lt;/property&gt;&#xD;&#xA;    &lt;property name=&quot;AllowFocusReadonlyEditors&quot;&gt;false&lt;/property&gt;&#xD;&#xA;    &lt;property name=&quot;MoveFocusRightToLeft&quot;&gt;true&lt;/property&gt;&#xD;&#xA;    &lt;property name=&quot;MoveFocusDirection&quot;&gt;AcrossThenDown&lt;/property&gt;&#xD;&#xA;  &lt;/property&gt;&#xD;&#xA;  &lt;property name=&quot;LookAndFeel&quot; isnull=&quot;true&quot; iskey=&quot;true&quot;&gt;&#xD;&#xA;    &lt;property name=&quot;SkinName&quot;&gt;Basic&lt;/property&gt;&#xD;&#xA;    &lt;property name=&quot;Style&quot;&gt;Skin&lt;/property&gt;&#xD;&#xA;    &lt;property name=&quot;UseDefaultLookAndFeel&quot;&gt;true&lt;/property&gt;&#xD;&#xA;    &lt;property name=&quot;UseWindowsXPTheme&quot;&gt;false&lt;/property&gt;&#xD;&#xA;  &lt;/property&gt;&#xD;&#xA;  &lt;property name=&quot;Items&quot; iskey=&quot;true&quot; value=&quot;5&quot;&gt;&#xD;&#xA;    &lt;property name=&quot;Item1&quot; isnull=&quot;true&quot; iskey=&quot;true&quot;&gt;&#xD;&#xA;      &lt;property name=&quot;TypeName&quot;&gt;LayoutGroup&lt;/property&gt;&#xD;&#xA;      &lt;property name=&quot;TabbedGroupParentName&quot; /&gt;&#xD;&#xA;      &lt;property name=&quot;GroupBordersVisible&quot;&gt;false&lt;/property&gt;&#xD;&#xA;      &lt;property name=&quot;AllowDrawBackground&quot;&gt;true&lt;/property&gt;&#xD;&#xA;      &lt;property name=&quot;EnableIndentsWithoutBorders&quot;&gt;True&lt;/property&gt;&#xD;&#xA;      &lt;property name=&quot;OptionsItemText&quot; isnull=&quot;true&quot; iskey=&quot;true&quot;&gt;&#xD;&#xA;        &lt;property name=&quot;TextToControlDistance&quot;&gt;3&lt;/property&gt;&#xD;&#xA;        &lt;property name=&quot;TextAlignMode&quot;&gt;UseParentOptions&lt;/property&gt;&#xD;&#xA;      &lt;/property&gt;&#xD;&#xA;      &lt;property name=&quot;CaptionImageVisible&quot;&gt;true&lt;/property&gt;&#xD;&#xA;      &lt;property name=&quot;FlowDirection&quot;&gt;LeftToRight&lt;/property&gt;&#xD;&#xA;      &lt;property name=&quot;LayoutMode&quot;&gt;Regular&lt;/property&gt;&#xD;&#xA;      &lt;property name=&quot;CaptionImageLocation&quot;&gt;Default&lt;/property&gt;&#xD;&#xA;      &lt;property name=&quot;CaptionImageIndex&quot;&gt;-1&lt;/property&gt;&#xD;&#xA;      &lt;property name=&quot;AllowBorderColorBlending&quot;&gt;false&lt;/property&gt;&#xD;&#xA;      &lt;property name=&quot;ExpandOnDoubleClick&quot;&gt;false&lt;/property&gt;&#xD;&#xA;      &lt;property name=&quot;Expanded&quot;&gt;true&lt;/property&gt;&#xD;&#xA;      &lt;property name=&quot;DefaultLayoutType&quot;&gt;Vertical&lt;/property&gt;&#xD;&#xA;      &lt;property name=&quot;ShowTabPageCloseButton&quot;&gt;false&lt;/property&gt;&#xD;&#xA;      &lt;property name=&quot;AllowHtmlStringInCaption&quot;&gt;false&lt;/property&gt;&#xD;&#xA;      &lt;property name=&quot;AllowGlyphSkinning&quot;&gt;Default&lt;/property&gt;&#xD;&#xA;      &lt;property name=&quot;OptionsTableLayoutGroup&quot; isnull=&quot;true&quot; iskey=&quot;true&quot;&gt;&#xD;&#xA;        &lt;property name=&quot;RowDefinitions&quot; iskey=&quot;true&quot; value=&quot;0&quot; /&gt;&#xD;&#xA;        &lt;property name=&quot;ColumnDefinitions&quot; iskey=&quot;true&quot; value=&quot;0&quot; /&gt;&#xD;&#xA;      &lt;/property&gt;&#xD;&#xA;      &lt;property name=&quot;Size&quot;&gt;@3,Width=180@3,Height=120&lt;/property&gt;&#xD;&#xA;      &lt;property name=&quot;ExpandButtonVisible&quot;&gt;false&lt;/property&gt;&#xD;&#xA;      &lt;property name=&quot;ExpandButtonMode&quot;&gt;Normal&lt;/property&gt;&#xD;&#xA;      &lt;property name=&quot;HeaderButtonsLocation&quot;&gt;Default&lt;/property&gt;&#xD;&#xA;      &lt;property name=&quot;GroupStyle&quot;&gt;Inherited&lt;/property&gt;&#xD;&#xA;      &lt;property name=&quot;TextLocation&quot;&gt;Top&lt;/property&gt;&#xD;&#xA;      &lt;property name=&quot;TabPageWidth&quot;&gt;0&lt;/property&gt;&#xD;&#xA;      &lt;property name=&quot;OptionsCustomization&quot; isnull=&quot;true&quot; iskey=&quot;true&quot;&gt;&#xD;&#xA;        &lt;property name=&quot;AllowDrag&quot;&gt;Default&lt;/property&gt;&#xD;&#xA;        &lt;property name=&quot;AllowDrop&quot;&gt;Default&lt;/property&gt;&#xD;&#xA;      &lt;/property&gt;&#xD;&#xA;      &lt;property name=&quot;OptionsTableLayoutItem&quot; isnull=&quot;true&quot; iskey=&quot;true&quot;&gt;&#xD;&#xA;        &lt;property name=&quot;RowIndex&quot;&gt;0&lt;/property&gt;&#xD;&#xA;        &lt;property name=&quot;RowSpan&quot;&gt;1&lt;/property&gt;&#xD;&#xA;        &lt;property name=&quot;ColumnIndex&quot;&gt;0&lt;/property&gt;&#xD;&#xA;        &lt;property name=&quot;ColumnSpan&quot;&gt;1&lt;/property&gt;&#xD;&#xA;      &lt;/property&gt;&#xD;&#xA;      &lt;property name=&quot;OptionsToolTip&quot; isnull=&quot;true&quot; iskey=&quot;true&quot;&gt;&#xD;&#xA;        &lt;property name=&quot;ToolTip&quot; /&gt;&#xD;&#xA;        &lt;property name=&quot;ToolTipTitle&quot; /&gt;&#xD;&#xA;        &lt;property name=&quot;ToolTipIconType&quot;&gt;None&lt;/property&gt;&#xD;&#xA;        &lt;property name=&quot;ImmediateToolTip&quot;&gt;false&lt;/property&gt;&#xD;&#xA;        &lt;property name=&quot;AllowHtmlString&quot;&gt;Default&lt;/property&gt;&#xD;&#xA;        &lt;property name=&quot;IconToolTip&quot; /&gt;&#xD;&#xA;        &lt;property name=&quot;IconToolTipTitle&quot; /&gt;&#xD;&#xA;        &lt;property name=&quot;IconToolTipIconType&quot;&gt;None&lt;/property&gt;&#xD;&#xA;        &lt;property name=&quot;EnableIconToolTip&quot;&gt;true&lt;/property&gt;&#xD;&#xA;        &lt;property name=&quot;IconImmediateToolTip&quot;&gt;false&lt;/property&gt;&#xD;&#xA;        &lt;property name=&quot;IconAllowHtmlString&quot;&gt;Default&lt;/property&gt;&#xD;&#xA;      &lt;/property&gt;&#xD;&#xA;      &lt;property name=&quot;Name&quot;&gt;Root&lt;/property&gt;&#xD;&#xA;      &lt;property name=&quot;ParentName&quot; /&gt;&#xD;&#xA;      &lt;property name=&quot;TextVisible&quot;&gt;true&lt;/property&gt;&#xD;&#xA;      &lt;property name=&quot;Location&quot;&gt;@1,X=0@1,Y=0&lt;/property&gt;&#xD;&#xA;      &lt;property name=&quot;ShowInCustomizationForm&quot;&gt;true&lt;/property&gt;&#xD;&#xA;      &lt;property name=&quot;Text&quot;&gt;Root&lt;/property&gt;&#xD;&#xA;      &lt;property name=&quot;CustomizationFormText&quot;&gt;Root&lt;/property&gt;&#xD;&#xA;      &lt;property name=&quot;StartNewLine&quot;&gt;false&lt;/property&gt;&#xD;&#xA;      &lt;property name=&quot;Visibility&quot;&gt;Always&lt;/property&gt;&#xD;&#xA;    &lt;/property&gt;&#xD;&#xA;    &lt;property name=&quot;Item2&quot; isnull=&quot;true&quot; iskey=&quot;true&quot;&gt;&#xD;&#xA;      &lt;property name=&quot;TypeName&quot;&gt;LayoutGroup&lt;/property&gt;&#xD;&#xA;      &lt;property name=&quot;TabbedGroupParentName&quot; /&gt;&#xD;&#xA;      &lt;property name=&quot;GroupBordersVisible&quot;&gt;false&lt;/property&gt;&#xD;&#xA;      &lt;property name=&quot;AllowDrawBackground&quot;&gt;true&lt;/property&gt;&#xD;&#xA;      &lt;property name=&quot;EnableIndentsWithoutBorders&quot;&gt;Default&lt;/property&gt;&#xD;&#xA;      &lt;property name=&quot;OptionsItemText&quot; isnull=&quot;true&quot; iskey=&quot;true&quot;&gt;&#xD;&#xA;        &lt;property name=&quot;TextToControlDistance&quot;&gt;3&lt;/property&gt;&#xD;&#xA;        &lt;property name=&quot;TextAlignMode&quot;&gt;AlignWithChildren&lt;/property&gt;&#xD;&#xA;      &lt;/property&gt;&#xD;&#xA;      &lt;property name=&quot;CaptionImageVisible&quot;&gt;true&lt;/property&gt;&#xD;&#xA;      &lt;property name=&quot;FlowDirection&quot;&gt;LeftToRight&lt;/property&gt;&#xD;&#xA;      &lt;property name=&quot;LayoutMode&quot;&gt;Regular&lt;/property&gt;&#xD;&#xA;      &lt;property name=&quot;CaptionImageLocation&quot;&gt;Default&lt;/property&gt;&#xD;&#xA;      &lt;property name=&quot;CaptionImageIndex&quot;&gt;-1&lt;/property&gt;&#xD;&#xA;      &lt;property name=&quot;AllowBorderColorBlending&quot;&gt;false&lt;/property&gt;&#xD;&#xA;      &lt;property name=&quot;ExpandOnDoubleClick&quot;&gt;false&lt;/property&gt;&#xD;&#xA;      &lt;property name=&quot;Expanded&quot;&gt;true&lt;/property&gt;&#xD;&#xA;      &lt;property name=&quot;DefaultLayoutType&quot;&gt;Vertical&lt;/property&gt;&#xD;&#xA;      &lt;property name=&quot;ShowTabPageCloseButton&quot;&gt;false&lt;/property&gt;&#xD;&#xA;      &lt;property name=&quot;AllowHtmlStringInCaption&quot;&gt;false&lt;/property&gt;&#xD;&#xA;      &lt;property name=&quot;AllowGlyphSkinning&quot;&gt;Default&lt;/property&gt;&#xD;&#xA;      &lt;property name=&quot;OptionsTableLayoutGroup&quot; isnull=&quot;true&quot; iskey=&quot;true&quot;&gt;&#xD;&#xA;        &lt;property name=&quot;RowDefinitions&quot; iskey=&quot;true&quot; value=&quot;0&quot; /&gt;&#xD;&#xA;        &lt;property name=&quot;ColumnDefinitions&quot; iskey=&quot;true&quot; value=&quot;0&quot; /&gt;&#xD;&#xA;      &lt;/property&gt;&#xD;&#xA;      &lt;property name=&quot;Size&quot;&gt;@3,Width=180@3,Height=120&lt;/property&gt;&#xD;&#xA;      &lt;property name=&quot;ExpandButtonVisible&quot;&gt;false&lt;/property&gt;&#xD;&#xA;      &lt;property name=&quot;ExpandButtonMode&quot;&gt;Normal&lt;/property&gt;&#xD;&#xA;      &lt;property name=&quot;HeaderButtonsLocation&quot;&gt;Default&lt;/property&gt;&#xD;&#xA;      &lt;property name=&quot;GroupStyle&quot;&gt;Inherited&lt;/property&gt;&#xD;&#xA;      &lt;property name=&quot;TextLocation&quot;&gt;Top&lt;/property&gt;&#xD;&#xA;      &lt;property name=&quot;TabPageWidth&quot;&gt;0&lt;/property&gt;&#xD;&#xA;      &lt;property name=&quot;OptionsCustomization&quot; isnull=&quot;true&quot; iskey=&quot;true&quot;&gt;&#xD;&#xA;        &lt;property name=&quot;AllowDrag&quot;&gt;Default&lt;/property&gt;&#xD;&#xA;        &lt;property name=&quot;AllowDrop&quot;&gt;Default&lt;/property&gt;&#xD;&#xA;      &lt;/property&gt;&#xD;&#xA;      &lt;property name=&quot;OptionsTableLayoutItem&quot; isnull=&quot;true&quot; iskey=&quot;true&quot;&gt;&#xD;&#xA;        &lt;property name=&quot;RowIndex&quot;&gt;0&lt;/property&gt;&#xD;&#xA;        &lt;property name=&quot;RowSpan&quot;&gt;1&lt;/property&gt;&#xD;&#xA;        &lt;property name=&quot;ColumnIndex&quot;&gt;0&lt;/property&gt;&#xD;&#xA;        &lt;property name=&quot;ColumnSpan&quot;&gt;1&lt;/property&gt;&#xD;&#xA;      &lt;/property&gt;&#xD;&#xA;      &lt;property name=&quot;OptionsToolTip&quot; isnull=&quot;true&quot; iskey=&quot;true&quot;&gt;&#xD;&#xA;        &lt;property name=&quot;ToolTip&quot; /&gt;&#xD;&#xA;        &lt;property name=&quot;ToolTipTitle&quot; /&gt;&#xD;&#xA;        &lt;property name=&quot;ToolTipIconType&quot;&gt;None&lt;/property&gt;&#xD;&#xA;        &lt;property name=&quot;ImmediateToolTip&quot;&gt;false&lt;/property&gt;&#xD;&#xA;        &lt;property name=&quot;AllowHtmlString&quot;&gt;Default&lt;/property&gt;&#xD;&#xA;        &lt;property name=&quot;IconToolTip&quot; /&gt;&#xD;&#xA;        &lt;property name=&quot;IconToolTipTitle&quot; /&gt;&#xD;&#xA;        &lt;property name=&quot;IconToolTipIconType&quot;&gt;None&lt;/property&gt;&#xD;&#xA;        &lt;property name=&quot;EnableIconToolTip&quot;&gt;true&lt;/property&gt;&#xD;&#xA;        &lt;property name=&quot;IconImmediateToolTip&quot;&gt;false&lt;/property&gt;&#xD;&#xA;        &lt;property name=&quot;IconAllowHtmlString&quot;&gt;Default&lt;/property&gt;&#xD;&#xA;      &lt;/property&gt;&#xD;&#xA;      &lt;property name=&quot;Name&quot;&gt;item0&lt;/property&gt;&#xD;&#xA;      &lt;property name=&quot;ParentName&quot;&gt;Root&lt;/property&gt;&#xD;&#xA;      &lt;property name=&quot;TextVisible&quot;&gt;false&lt;/property&gt;&#xD;&#xA;      &lt;property name=&quot;Location&quot;&gt;@1,X=0@1,Y=0&lt;/property&gt;&#xD;&#xA;      &lt;property name=&quot;ShowInCustomizationForm&quot;&gt;true&lt;/property&gt;&#xD;&#xA;      &lt;property name=&quot;Text&quot;&gt;Main&lt;/property&gt;&#xD;&#xA;      &lt;property name=&quot;CustomizationFormText&quot;&gt;Main&lt;/property&gt;&#xD;&#xA;      &lt;property name=&quot;StartNewLine&quot;&gt;false&lt;/property&gt;&#xD;&#xA;      &lt;property name=&quot;Visibility&quot;&gt;Always&lt;/property&gt;&#xD;&#xA;    &lt;/property&gt;&#xD;&#xA;    &lt;property name=&quot;Item3&quot; isnull=&quot;true&quot; iskey=&quot;true&quot;&gt;&#xD;&#xA;      &lt;property name=&quot;TypeName&quot;&gt;LayoutControlItem&lt;/property&gt;&#xD;&#xA;      &lt;property name=&quot;ControlName&quot;&gt;PivotGrid&lt;/property&gt;&#xD;&#xA;      &lt;property name=&quot;AllowHtmlStringInCaption&quot;&gt;false&lt;/property&gt;&#xD;&#xA;      &lt;property name=&quot;TextAlignMode&quot;&gt;UseParentOptions&lt;/property&gt;&#xD;&#xA;      &lt;property name=&quot;SizeConstraintsType&quot;&gt;Default&lt;/property&gt;&#xD;&#xA;      &lt;property name=&quot;Image&quot; isnull=&quot;true&quot; /&gt;&#xD;&#xA;      &lt;property name=&quot;ImageIndex&quot;&gt;-1&lt;/property&gt;&#xD;&#xA;      &lt;property name=&quot;ImageAlignment&quot;&gt;MiddleLeft&lt;/property&gt;&#xD;&#xA;      &lt;property name=&quot;ImageToTextDistance&quot;&gt;5&lt;/property&gt;&#xD;&#xA;      &lt;property name=&quot;SvgImage&quot; isnull=&quot;true&quot; /&gt;&#xD;&#xA;      &lt;property name=&quot;SvgImageSize&quot;&gt;@1,Width=0@1,Height=0&lt;/property&gt;&#xD;&#xA;      &lt;property name=&quot;MaxSize&quot;&gt;@1,Width=0@1,Height=0&lt;/property&gt;&#xD;&#xA;      &lt;property name=&quot;MinSize&quot;&gt;@3,Width=100@2,Height=20&lt;/property&gt;&#xD;&#xA;      &lt;property name=&quot;ControlAlignment&quot;&gt;TopRight&lt;/property&gt;&#xD;&#xA;      &lt;property name=&quot;ContentVisible&quot;&gt;true&lt;/property&gt;&#xD;&#xA;      &lt;property name=&quot;HighlightFocusedItem&quot;&gt;Default&lt;/property&gt;&#xD;&#xA;      &lt;property name=&quot;TrimClientAreaToControl&quot;&gt;true&lt;/property&gt;&#xD;&#xA;      &lt;property name=&quot;ContentVertAlignment&quot;&gt;Default&lt;/property&gt;&#xD;&#xA;      &lt;property name=&quot;ContentHorzAlignment&quot;&gt;Default&lt;/property&gt;&#xD;&#xA;      &lt;property name=&quot;AllowGlyphSkinning&quot;&gt;Default&lt;/property&gt;&#xD;&#xA;      &lt;property name=&quot;OptionsCustomization&quot; isnull=&quot;true&quot; iskey=&quot;true&quot;&gt;&#xD;&#xA;        &lt;property name=&quot;AllowDrag&quot;&gt;Default&lt;/property&gt;&#xD;&#xA;        &lt;property name=&quot;AllowDrop&quot;&gt;Default&lt;/property&gt;&#xD;&#xA;      &lt;/property&gt;&#xD;&#xA;      &lt;property name=&quot;OptionsTableLayoutItem&quot; isnull=&quot;true&quot; iskey=&quot;true&quot;&gt;&#xD;&#xA;        &lt;property name=&quot;RowIndex&quot;&gt;0&lt;/property&gt;&#xD;&#xA;        &lt;property name=&quot;RowSpan&quot;&gt;1&lt;/property&gt;&#xD;&#xA;        &lt;property name=&quot;ColumnIndex&quot;&gt;0&lt;/property&gt;&#xD;&#xA;        &lt;property name=&quot;ColumnSpan&quot;&gt;1&lt;/property&gt;&#xD;&#xA;      &lt;/property&gt;&#xD;&#xA;      &lt;property name=&quot;OptionsToolTip&quot; isnull=&quot;true&quot; iskey=&quot;true&quot;&gt;&#xD;&#xA;        &lt;property name=&quot;ToolTip&quot; /&gt;&#xD;&#xA;        &lt;property name=&quot;ToolTipTitle&quot; /&gt;&#xD;&#xA;        &lt;property name=&quot;ToolTipIconType&quot;&gt;None&lt;/property&gt;&#xD;&#xA;        &lt;property name=&quot;ImmediateToolTip&quot;&gt;false&lt;/property&gt;&#xD;&#xA;        &lt;property name=&quot;AllowHtmlString&quot;&gt;Default&lt;/property&gt;&#xD;&#xA;        &lt;property name=&quot;IconToolTip&quot; /&gt;&#xD;&#xA;        &lt;property name=&quot;IconToolTipTitle&quot; /&gt;&#xD;&#xA;        &lt;property name=&quot;IconToolTipIconType&quot;&gt;None&lt;/property&gt;&#xD;&#xA;        &lt;property name=&quot;EnableIconToolTip&quot;&gt;true&lt;/property&gt;&#xD;&#xA;        &lt;property name=&quot;IconImmediateToolTip&quot;&gt;false&lt;/property&gt;&#xD;&#xA;        &lt;property name=&quot;IconAllowHtmlString&quot;&gt;Default&lt;/property&gt;&#xD;&#xA;      &lt;/property&gt;&#xD;&#xA;      &lt;property name=&quot;Name&quot;&gt;PivotGrid&lt;/property&gt;&#xD;&#xA;      &lt;property name=&quot;ParentName&quot;&gt;item0&lt;/property&gt;&#xD;&#xA;      &lt;property name=&quot;TextVisible&quot;&gt;false&lt;/property&gt;&#xD;&#xA;      &lt;property name=&quot;TextSize&quot;&gt;@1,Width=0@1,Height=0&lt;/property&gt;&#xD;&#xA;      &lt;property name=&quot;Location&quot;&gt;@1,X=0@1,Y=0&lt;/property&gt;&#xD;&#xA;      &lt;property name=&quot;Size&quot;&gt;@3,Width=180@2,Height=90&lt;/property&gt;&#xD;&#xA;      &lt;property name=&quot;ShowInCustomizationForm&quot;&gt;true&lt;/property&gt;&#xD;&#xA;      &lt;property name=&quot;Text&quot;&gt;PivotGrid&lt;/property&gt;&#xD;&#xA;      &lt;property name=&quot;CustomizationFormText&quot;&gt;PivotGrid&lt;/property&gt;&#xD;&#xA;      &lt;property name=&quot;StartNewLine&quot;&gt;false&lt;/property&gt;&#xD;&#xA;      &lt;property name=&quot;Visibility&quot;&gt;Always&lt;/property&gt;&#xD;&#xA;      &lt;property name=&quot;TextLocation&quot;&gt;Default&lt;/property&gt;&#xD;&#xA;    &lt;/property&gt;&#xD;&#xA;    &lt;property name=&quot;Item4&quot; isnull=&quot;true&quot; iskey=&quot;true&quot;&gt;&#xD;&#xA;      &lt;property name=&quot;IsCollapsible&quot;&gt;Default&lt;/property&gt;&#xD;&#xA;      &lt;property name=&quot;Inverted&quot;&gt;false&lt;/property&gt;&#xD;&#xA;      &lt;property name=&quot;IsCollapsed&quot;&gt;false&lt;/property&gt;&#xD;&#xA;      &lt;property name=&quot;ShowSplitGlyph&quot;&gt;Default&lt;/property&gt;&#xD;&#xA;      &lt;property name=&quot;FixedStyle&quot;&gt;None&lt;/property&gt;&#xD;&#xA;      &lt;property name=&quot;ResizeMode&quot;&gt;OnlyAdjacentControls&lt;/property&gt;&#xD;&#xA;      &lt;property name=&quot;TextVisible&quot;&gt;false&lt;/property&gt;&#xD;&#xA;      &lt;property name=&quot;TextSize&quot;&gt;@1,Width=0@1,Height=0&lt;/property&gt;&#xD;&#xA;      &lt;property name=&quot;Text&quot;&gt;الخائن&lt;/property&gt;&#xD;&#xA;      &lt;property name=&quot;TextAlignMode&quot;&gt;AutoSize&lt;/property&gt;&#xD;&#xA;      &lt;property name=&quot;SizeConstraintsType&quot;&gt;Default&lt;/property&gt;&#xD;&#xA;      &lt;property name=&quot;AllowHtmlStringInCaption&quot;&gt;false&lt;/property&gt;&#xD;&#xA;      &lt;property name=&quot;Size&quot;&gt;@3,Width=180@2,Height=10&lt;/property&gt;&#xD;&#xA;      &lt;property name=&quot;TypeName&quot;&gt;SplitterItem&lt;/property&gt;&#xD;&#xA;      &lt;property name=&quot;MinSize&quot;&gt;@2,Width=10@2,Height=10&lt;/property&gt;&#xD;&#xA;      &lt;property name=&quot;MaxSize&quot;&gt;@1,Width=0@2,Height=10&lt;/property&gt;&#xD;&#xA;      &lt;property name=&quot;TextLocation&quot;&gt;Default&lt;/property&gt;&#xD;&#xA;      &lt;property name=&quot;ContentVisible&quot;&gt;true&lt;/property&gt;&#xD;&#xA;      &lt;property name=&quot;HighlightFocusedItem&quot;&gt;Default&lt;/property&gt;&#xD;&#xA;      &lt;property name=&quot;TrimClientAreaToControl&quot;&gt;true&lt;/property&gt;&#xD;&#xA;      &lt;property name=&quot;ControlAlignment&quot;&gt;TopRight&lt;/property&gt;&#xD;&#xA;      &lt;property name=&quot;Image&quot; isnull=&quot;true&quot; /&gt;&#xD;&#xA;      &lt;property name=&quot;ImageAlignment&quot;&gt;MiddleLeft&lt;/property&gt;&#xD;&#xA;      &lt;property name=&quot;ImageIndex&quot;&gt;-1&lt;/property&gt;&#xD;&#xA;      &lt;property name=&quot;ImageToTextDistance&quot;&gt;5&lt;/property&gt;&#xD;&#xA;      &lt;property name=&quot;ControlName&quot; isnull=&quot;true&quot; /&gt;&#xD;&#xA;      &lt;property name=&quot;SvgImage&quot; isnull=&quot;true&quot; /&gt;&#xD;&#xA;      &lt;property name=&quot;SvgImageSize&quot;&gt;@1,Width=0@1,Height=0&lt;/property&gt;&#xD;&#xA;      &lt;property name=&quot;ContentVertAlignment&quot;&gt;Default&lt;/property&gt;&#xD;&#xA;      &lt;property name=&quot;ContentHorzAlignment&quot;&gt;Default&lt;/property&gt;&#xD;&#xA;      &lt;property name=&quot;AllowGlyphSkinning&quot;&gt;Default&lt;/property&gt;&#xD;&#xA;      &lt;property name=&quot;OptionsCustomization&quot; isnull=&quot;true&quot; iskey=&quot;true&quot;&gt;&#xD;&#xA;        &lt;property name=&quot;AllowDrag&quot;&gt;Default&lt;/property&gt;&#xD;&#xA;        &lt;property name=&quot;AllowDrop&quot;&gt;Default&lt;/property&gt;&#xD;&#xA;      &lt;/property&gt;&#xD;&#xA;      &lt;property name=&quot;OptionsTableLayoutItem&quot; isnull=&quot;true&quot; iskey=&quot;true&quot;&gt;&#xD;&#xA;        &lt;property name=&quot;RowIndex&quot;&gt;0&lt;/property&gt;&#xD;&#xA;        &lt;property name=&quot;RowSpan&quot;&gt;1&lt;/property&gt;&#xD;&#xA;        &lt;property name=&quot;ColumnIndex&quot;&gt;0&lt;/property&gt;&#xD;&#xA;        &lt;property name=&quot;ColumnSpan&quot;&gt;1&lt;/property&gt;&#xD;&#xA;      &lt;/property&gt;&#xD;&#xA;      &lt;property name=&quot;OptionsToolTip&quot; isnull=&quot;true&quot; iskey=&quot;true&quot;&gt;&#xD;&#xA;        &lt;property name=&quot;ToolTip&quot; /&gt;&#xD;&#xA;        &lt;property name=&quot;ToolTipTitle&quot; /&gt;&#xD;&#xA;        &lt;property name=&quot;ToolTipIconType&quot;&gt;None&lt;/property&gt;&#xD;&#xA;        &lt;property name=&quot;ImmediateToolTip&quot;&gt;false&lt;/property&gt;&#xD;&#xA;        &lt;property name=&quot;AllowHtmlString&quot;&gt;Default&lt;/property&gt;&#xD;&#xA;        &lt;property name=&quot;IconToolTip&quot; /&gt;&#xD;&#xA;        &lt;property name=&quot;IconToolTipTitle&quot; /&gt;&#xD;&#xA;        &lt;property name=&quot;IconToolTipIconType&quot;&gt;None&lt;/property&gt;&#xD;&#xA;        &lt;property name=&quot;EnableIconToolTip&quot;&gt;true&lt;/property&gt;&#xD;&#xA;        &lt;property name=&quot;IconImmediateToolTip&quot;&gt;false&lt;/property&gt;&#xD;&#xA;        &lt;property name=&quot;IconAllowHtmlString&quot;&gt;Default&lt;/property&gt;&#xD;&#xA;      &lt;/property&gt;&#xD;&#xA;      &lt;property name=&quot;Name&quot;&gt;الخائن&lt;/property&gt;&#xD;&#xA;      &lt;property name=&quot;ParentName&quot;&gt;item0&lt;/property&gt;&#xD;&#xA;      &lt;property name=&quot;Location&quot;&gt;@1,X=0@2,Y=90&lt;/property&gt;&#xD;&#xA;      &lt;property name=&quot;ShowInCustomizationForm&quot;&gt;true&lt;/property&gt;&#xD;&#xA;      &lt;property name=&quot;CustomizationFormText&quot;&gt;الخائن&lt;/property&gt;&#xD;&#xA;      &lt;property name=&quot;StartNewLine&quot;&gt;false&lt;/property&gt;&#xD;&#xA;      &lt;property name=&quot;Visibility&quot;&gt;OnlyInCustomization&lt;/property&gt;&#xD;&#xA;    &lt;/property&gt;&#xD;&#xA;    &lt;property name=&quot;Item5&quot; isnull=&quot;true&quot; iskey=&quot;true&quot;&gt;&#xD;&#xA;      &lt;property name=&quot;TypeName&quot;&gt;LayoutControlItem&lt;/property&gt;&#xD;&#xA;      &lt;property name=&quot;ControlName&quot;&gt;Chart&lt;/property&gt;&#xD;&#xA;      &lt;property name=&quot;AllowHtmlStringInCaption&quot;&gt;false&lt;/property&gt;&#xD;&#xA;      &lt;property name=&quot;TextAlignMode&quot;&gt;UseParentOptions&lt;/property&gt;&#xD;&#xA;      &lt;property name=&quot;SizeConstraintsType&quot;&gt;Default&lt;/property&gt;&#xD;&#xA;      &lt;property name=&quot;Image&quot; isnull=&quot;true&quot; /&gt;&#xD;&#xA;      &lt;property name=&quot;ImageIndex&quot;&gt;-1&lt;/property&gt;&#xD;&#xA;      &lt;property name=&quot;ImageAlignment&quot;&gt;MiddleLeft&lt;/property&gt;&#xD;&#xA;      &lt;property name=&quot;ImageToTextDistance&quot;&gt;5&lt;/property&gt;&#xD;&#xA;      &lt;property name=&quot;SvgImage&quot; isnull=&quot;true&quot; /&gt;&#xD;&#xA;      &lt;property name=&quot;SvgImageSize&quot;&gt;@1,Width=0@1,Height=0&lt;/property&gt;&#xD;&#xA;      &lt;property name=&quot;MaxSize&quot;&gt;@1,Width=0@1,Height=0&lt;/property&gt;&#xD;&#xA;      &lt;property name=&quot;MinSize&quot;&gt;@3,Width=100@2,Height=20&lt;/property&gt;&#xD;&#xA;      &lt;property name=&quot;ControlAlignment&quot;&gt;TopRight&lt;/property&gt;&#xD;&#xA;      &lt;property name=&quot;ContentVisible&quot;&gt;true&lt;/property&gt;&#xD;&#xA;      &lt;property name=&quot;HighlightFocusedItem&quot;&gt;Default&lt;/property&gt;&#xD;&#xA;      &lt;property name=&quot;TrimClientAreaToControl&quot;&gt;true&lt;/property&gt;&#xD;&#xA;      &lt;property name=&quot;ContentVertAlignment&quot;&gt;Default&lt;/property&gt;&#xD;&#xA;      &lt;property name=&quot;ContentHorzAlignment&quot;&gt;Default&lt;/property&gt;&#xD;&#xA;      &lt;property name=&quot;AllowGlyphSkinning&quot;&gt;Default&lt;/property&gt;&#xD;&#xA;      &lt;property name=&quot;OptionsCustomization&quot; isnull=&quot;true&quot; iskey=&quot;true&quot;&gt;&#xD;&#xA;        &lt;property name=&quot;AllowDrag&quot;&gt;Default&lt;/property&gt;&#xD;&#xA;        &lt;property name=&quot;AllowDrop&quot;&gt;Default&lt;/property&gt;&#xD;&#xA;      &lt;/property&gt;&#xD;&#xA;      &lt;property name=&quot;OptionsTableLayoutItem&quot; isnull=&quot;true&quot; iskey=&quot;true&quot;&gt;&#xD;&#xA;        &lt;property name=&quot;RowIndex&quot;&gt;0&lt;/property&gt;&#xD;&#xA;        &lt;property name=&quot;RowSpan&quot;&gt;1&lt;/property&gt;&#xD;&#xA;        &lt;property name=&quot;ColumnIndex&quot;&gt;0&lt;/property&gt;&#xD;&#xA;        &lt;property name=&quot;ColumnSpan&quot;&gt;1&lt;/property&gt;&#xD;&#xA;      &lt;/property&gt;&#xD;&#xA;      &lt;property name=&quot;OptionsToolTip&quot; isnull=&quot;true&quot; iskey=&quot;true&quot;&gt;&#xD;&#xA;        &lt;property name=&quot;ToolTip&quot; /&gt;&#xD;&#xA;        &lt;property name=&quot;ToolTipTitle&quot; /&gt;&#xD;&#xA;        &lt;property name=&quot;ToolTipIconType&quot;&gt;None&lt;/property&gt;&#xD;&#xA;        &lt;property name=&quot;ImmediateToolTip&quot;&gt;false&lt;/property&gt;&#xD;&#xA;        &lt;property name=&quot;AllowHtmlString&quot;&gt;Default&lt;/property&gt;&#xD;&#xA;        &lt;property name=&quot;IconToolTip&quot; /&gt;&#xD;&#xA;        &lt;property name=&quot;IconToolTipTitle&quot; /&gt;&#xD;&#xA;        &lt;property name=&quot;IconToolTipIconType&quot;&gt;None&lt;/property&gt;&#xD;&#xA;        &lt;property name=&quot;EnableIconToolTip&quot;&gt;true&lt;/property&gt;&#xD;&#xA;        &lt;property name=&quot;IconImmediateToolTip&quot;&gt;false&lt;/property&gt;&#xD;&#xA;        &lt;property name=&quot;IconAllowHtmlString&quot;&gt;Default&lt;/property&gt;&#xD;&#xA;      &lt;/property&gt;&#xD;&#xA;      &lt;property name=&quot;Name&quot;&gt;Chart&lt;/property&gt;&#xD;&#xA;      &lt;property name=&quot;ParentName&quot;&gt;item0&lt;/property&gt;&#xD;&#xA;      &lt;property name=&quot;TextVisible&quot;&gt;false&lt;/property&gt;&#xD;&#xA;      &lt;property name=&quot;TextSize&quot;&gt;@1,Width=0@1,Height=0&lt;/property&gt;&#xD;&#xA;      &lt;property name=&quot;Location&quot;&gt;@1,X=0@3,Y=100&lt;/property&gt;&#xD;&#xA;      &lt;property name=&quot;Size&quot;&gt;@3,Width=180@2,Height=20&lt;/property&gt;&#xD;&#xA;      &lt;property name=&quot;ShowInCustomizationForm&quot;&gt;true&lt;/property&gt;&#xD;&#xA;      &lt;property name=&quot;Text&quot;&gt;Chart&lt;/property&gt;&#xD;&#xA;      &lt;property name=&quot;CustomizationFormText&quot;&gt;Chart&lt;/property&gt;&#xD;&#xA;      &lt;property name=&quot;StartNewLine&quot;&gt;false&lt;/property&gt;&#xD;&#xA;      &lt;property name=&quot;Visibility&quot;&gt;OnlyInCustomization&lt;/property&gt;&#xD;&#xA;      &lt;property name=&quot;TextLocation&quot;&gt;Default&lt;/property&gt;&#xD;&#xA;    &lt;/property&gt;&#xD;&#xA;  &lt;/property&gt;&#xD;&#xA;&lt;/XtraSerializer&gt;" ChartSettings="﻿&lt;?xml version=&quot;1.0&quot; encoding=&quot;utf-8&quot;?&gt;&#xD;&#xA;&lt;ChartXmlSerializer version=&quot;20.2.3.0&quot;&gt;&#xD;&#xA;  &lt;Chart AppearanceNameSerializable=&quot;Default&quot; SelectionMode=&quot;None&quot; SeriesSelectionMode=&quot;Series&quot;&gt;&#xD;&#xA;    &lt;Border Visibility=&quot;False&quot; /&gt;&#xD;&#xA;    &lt;DataContainer BoundSeriesSorting=&quot;None&quot; ValidateDataMembers=&quot;true&quot;&gt;&#xD;&#xA;      &lt;SeriesTemplate CrosshairContentShowMode=&quot;Default&quot; CrosshairEmptyValueLegendText=&quot;&quot; /&gt;&#xD;&#xA;    &lt;/DataContainer&gt;&#xD;&#xA;  &lt;/Chart&gt;&#xD;&#xA;&lt;/ChartXmlSerializer&gt;" />
    </ListView>
    <ListView Id="Stay_LookupListView">
      <Columns Id="Columns">
        <ColumnInfo Id="medicationSum" EditMask="C" />
      </Columns>
    </ListView>
    <ListView Id="Stay_ServiceDetailsCollection_ListView" IsFooterVisible="True" ShowDetailView="False" IsGroupPanelVisible="True" ShowAutoFilterRow="True" ShowFindPanel="True">
      <Columns Id="Columns">
        <ColumnInfo Id="Service">
          <Summary Id="Summary">
            <ColumnSummaryItem Id="@d270c476-a5c7-4f6c-9ab3-ec252bf0ac46" SummaryType="Count" />
          </Summary>
        </ColumnInfo>
        <ColumnInfo Id="price">
          <Summary Id="Summary">
            <ColumnSummaryItem Id="@af1baa54-d4d6-4b69-bbc8-19fb983a75dc" SummaryType="Sum" />
          </Summary>
        </ColumnInfo>
      </Columns>
    </ListView>
    <ListView Id="Stay_StayMedicications_ListView" IsFooterVisible="True" ShowDetailView="False">
      <Columns Id="Columns">
        <ColumnInfo Id="date" Index="-1" />
        <ColumnInfo Id="price" Index="2" />
        <ColumnInfo Id="total" Index="3">
          <Summary Id="Summary">
            <ColumnSummaryItem Id="@6e021e44-bd48-49c5-a508-a64a229872cb" SummaryType="Sum" Index="0" />
          </Summary>
        </ColumnInfo>
      </Columns>
    </ListView>
    <ListView Id="Stay_StockDetailsCollection_ListView" IsFooterVisible="True" ShowDetailView="False">
      <Columns Id="Columns">
        <ColumnInfo Id="date" Index="-1" />
        <ColumnInfo Id="supplyProduct" Index="0" />
        <ColumnInfo Id="quantity" Index="1" SortIndex="0" SortOrder="Descending" />
        <ColumnInfo Id="price" Index="2" />
        <ColumnInfo Id="total" SortIndex="-1" SortOrder="None" Index="3">
          <Summary Id="Summary">
            <ColumnSummaryItem Id="@24848eff-a422-48f3-8ca3-478417c3ba0b" SummaryType="Sum" />
          </Summary>
        </ColumnInfo>
      </Columns>
    </ListView>
    <ListView Id="Account_ListView">
      <Columns Id="Columns">
        <ColumnInfo Id="creditor" Width="91" Index="3">
          <Summary Id="Summary">
            <ColumnSummaryItem Id="@a4cf0158-d509-44b7-afda-d53d44f59cf5" SummaryType="Sum" />
          </Summary>
        </ColumnInfo>
        <ColumnInfo Id="debtor" Width="91" Index="4">
          <Summary Id="Summary">
            <ColumnSummaryItem Id="@8ef5d584-454b-4eac-8741-c4d23e0820dd" SummaryType="Sum" />
          </Summary>
        </ColumnInfo>
      </Columns>
    </ListView>
  </Views>
  <NavigationItems Id="NavigationItems">
    <Items Id="Items">
      <Item Id="In-Patient">
        <Items Id="Items">
          <Item Id="Stay_ListView" ViewId="Stay_ListView" />
        </Items>
      </Item>
      <Item Id="سندات">
        <Items Id="Items">
          <Item Id="bond_ListView" ViewId="bond_ListView" />
        </Items>
      </Item>
    </Items>
  </NavigationItems>
</Application>